lat,person_capacity,dist,bedrooms,metro_dist,guest_satisfaction_overall,lng,attr_index,recommend
52.41772,2.0,5.022963798088291,1,2.539380002594493,93.0,4.90569,78.69037927190317,0
52.37432,4.0,0.4883892888289836,1,0.2394039228349863,85.0,4.90005,631.1763782503964,0
52.36103,2.0,5.748311915159562,1,3.651621288793656,87.0,4.97512,75.27587691428164,0
52.37663,4.0,0.384862012821602,2,0.4398760761319157,90.0,4.89417,493.27253443070873,1
52.37508,2.0,0.5447381834292384,1,0.3186926468416831,98.0,4.90051,552.8303243593364,1
52.38966,3.0,2.13142008057136,2,1.904668241410844,100.0,4.87699,174.7889567505081,1
52.38296,2.0,1.8810915643710744,1,0.7297467390303181,94.0,4.9157,200.1676516320246,0
52.38749,4.0,1.6868069652027278,3,1.4584035662283186,100.0,4.88467,208.80810858545348,1
52.40175,4.0,3.719141398657261,2,1.1961123528716675,96.0,4.86459,106.22645621714616,1
52.347,2.0,3.142361425629701,1,0.9244044386046626,88.0,4.876,206.2528615435097,0
52.36953,2.0,1.0099220248634968,1,0.9171150679278918,96.0,4.87956,409.8581244623681,1
52.37107,2.0,2.182707104451588,1,1.590381362751412,97.0,4.92496,191.50133917980733,0
52.34697,4.0,2.9330458432919566,1,0.6280730466725806,87.0,4.88934,214.9233419303541,1
52.37509,2.0,1.3054939315898395,1,1.3421624076909515,100.0,4.87417,325.2559516150373,1
52.35645,2.0,7.304535266554101,1,3.720813885628837,96.0,4.99679,59.7761806926462,0
52.37455,2.0,1.0311006089592691,1,0.5578845347320643,98.0,4.9080900000000005,359.92193215168265,0
52.36148,2.0,1.327797157439684,1,0.119528106734041,90.0,4.88971,539.0128842344288,0
52.362390000000005,2.0,1.3663342379671055,1,0.5349334596105503,97.0,4.88368,576.0828256376159,0
52.3631,2.0,1.2897592303027183,1,0.5521164877855617,96.0,4.8839,528.9405557143664,0
52.37336,2.0,1.0576193314364548,1,1.0653391259990903,93.0,4.87757,422.8529061953185,1
52.367340000000006,2.0,2.8706328438025386,1,1.2788940751193616,96.0,4.85206,169.6957545063243,0
52.36422,4.0,1.0140664267918649,2,0.3771036873075551,96.0,4.89088,477.7940701845302,1
52.38367,2.0,1.2470836669767065,1,1.098774337645081,97.0,4.886419999999999,267.325989604784,0
52.38325,2.0,1.1674923014349312,1,0.9837430031835354,98.0,4.88799,278.80059538006617,0
52.41122,2.0,4.230634296706812,1,2.687144039939682,96.0,4.89595,92.21360220413766,0
52.41081,2.0,4.180814737167991,1,2.80843797194201,93.0,4.89375,93.27076366905054,0
52.343,2.0,3.366018582385255,1,0.2258822993056595,95.0,4.895,170.02869744175086,0
52.34966,2.0,4.1272800185441785,1,0.8393253845123759,94.0,4.84631,129.22969947963463,0
52.37676,4.0,2.161607613910167,2,1.4241694265758251,96.0,4.92432,183.36525860175672,1
52.37781,4.0,4.88547764075742,1,1.0948368113158276,98.0,4.82174,91.66621199798304,0
52.37288,2.0,1.1263269723055738,1,1.1210705457980177,89.0,4.87657,386.3649664864131,1
52.34442,4.0,3.363590724697365,3,0.6974224938368218,94.0,4.90806,156.2371148422606,1
52.36397,4.0,1.0711683461395805,2,0.3825354028755497,100.0,4.888809999999999,487.8730215579427,1
52.34502,3.0,3.856290112898853,2,0.7279622388446657,100.0,4.86021,148.72410296480916,1
52.38786,4.0,4.075247886453735,2,1.8734109911985728,94.0,4.94798,98.63663409362889,1
52.35413,6.0,2.9885887859177016,3,1.7500029807371027,96.0,4.86225,207.95247369146992,1
52.33997,2.0,4.147086685675081,0,0.0383546937010648,94.0,4.92058,118.77888465313508,0
52.42343,2.0,5.611750155516678,1,3.911722315852436,94.0,4.885,71.34500903762175,0
52.35848,4.0,2.8549916690296686,2,1.7025833727524873,94.0,4.8588,202.843104509214,1
52.36376,2.0,6.411657372487183,1,4.143226904079955,96.0,4.98597,67.21539749302899,1
52.37525,2.0,0.5403538681782272,1,0.3386577422231185,95.0,4.90032,558.6099219244412,0
52.37513,4.0,0.495828246257032,1,0.3327422132904341,96.0,4.8996900000000005,717.4464437652888,1
52.37469,3.0,0.5143556615734999,1,0.2772111229812157,94.0,4.90027,589.2808024041849,1
52.38253,5.0,3.69500542587883,2,0.3975279375938017,96.0,4.841,116.72399605247642,1
52.382540000000006,2.0,1.0978692589754402,0,0.9569279642150376,91.0,4.88774,293.0606698577352,0
52.37457,2.0,0.3846115997106273,1,0.3126380462316873,97.0,4.89831,666.9076246495788,0
52.37341,3.0,0.4715465422801259,1,0.1432629485982863,96.0,4.90002,767.0988273089583,1
52.36917,3.0,1.4305110577156566,2,1.3525869353715234,100.0,4.87317,322.01876862843943,1
52.348290000000006,2.0,4.224208587262892,0,1.5193110444768114,94.0,4.93986,108.74589185765036,0
52.40648,4.0,6.198278628987274,1,2.3712668616978507,94.0,4.96617,65.76107993501923,0
52.37788,2.0,3.0194408531429744,1,0.7924066228604738,96.0,4.84941,144.54998380810338,0
52.3734,2.0,0.3633454412498557,1,0.2096397288159174,95.0,4.89843,1238.4667773533197,0
52.38375,4.0,5.036497714450563,1,1.2466108857508118,98.0,4.82115,87.20473186122335,0
52.36600000000001,2.0,1.151764132843782,1,0.8970263744801004,97.0,4.881,425.3458846114482,0
52.37326,2.0,0.3751350635549438,1,0.1903946025634141,98.0,4.89861,1888.5504277122784,1
52.37355,2.0,0.3605068051816017,1,0.2235065665493052,95.0,4.89837,1030.281139745255,0
52.37075,4.0,1.395578909867689,5,0.8572393306243391,100.0,4.91319,311.0141147100838,1
52.36575,2.0,1.4833705939880382,1,0.5362382328069959,90.0,4.91113,334.9827096193536,0
52.36296,4.0,1.505923967249401,2,0.175794704274626,98.0,4.9075,304.2793955189664,1
52.36806,4.0,1.2673284617211298,3,1.1579997481608375,98.0,4.876519999999999,363.9941230528616,1
52.38,2.0,0.9750693378669916,1,1.1049968776580508,98.0,4.884,355.61261086919126,0
52.375240000000005,4.0,0.2272606763176075,1,0.4598073595219026,84.0,4.89248,562.2653057068021,1
52.36234,2.0,5.839438156140002,1,3.833064537056145,98.0,4.97698,73.91623294810046,0
52.38181,2.0,3.0295222155851818,1,0.9112465307319396,97.0,4.85087,139.93497055858356,0
52.35015,3.0,4.416816886287283,2,0.4468093520238611,77.0,4.84034,117.23106924112592,0
52.3778,2.0,2.564051903620257,1,1.2481531877884884,98.0,4.85619,167.55416029598223,0
52.37163,4.0,0.6265683252747638,2,0.5815343983346937,99.0,4.88428,542.7479130720643,1
52.331,2.0,5.241484167950498,1,0.6712405206030825,98.0,4.859,100.42265312358684,0
52.36055,2.0,3.83291422506462,1,2.3918012298079425,97.0,4.94543,114.08673508338612,0
52.37612,3.0,2.3878907808382155,2,1.4303944319621709,96.0,4.85835,181.6746678237284,1
52.39226,2.0,2.572843321360758,1,1.4724409675029893,99.0,4.87162,148.99917333273208,1
52.3816,4.0,0.9445213338246298,1,0.7271074308544552,88.0,4.89075,320.2399392378318,0
52.3442,2.0,3.893254193637553,1,0.6574336748516322,97.0,4.861190000000001,147.22970680332926,0
52.361,2.0,1.3772429996352762,1,0.0779166156732898,96.0,4.89,549.5129603022432,1
52.391090000000005,2.0,2.2849446847498727,1,1.8275555238239385,98.0,4.876519999999999,164.16433939704203,1
52.35413,2.0,6.79281178529689,1,2.4438170031213318,95.0,4.798369999999999,69.09737826969153,0
52.38237,2.0,1.095053365140708,1,0.9852069073138536,95.0,4.88712,295.5282801437017,1
52.30865,2.0,9.335518920505798,1,0.3804858903310787,97.0,4.980569999999999,49.325672596659565,0
52.37845,4.0,1.09118232606682,2,1.216674871885683,93.0,4.87953,367.6278570020923,1
52.38767,2.0,2.6322379401630376,1,1.1721670782255924,90.0,4.86247,151.03644339540324,0
52.3764,2.0,0.3530819578031284,1,0.4957339182902796,96.0,4.89344,500.52348793818464,0
52.36943,2.0,4.687725165015746,1,3.632031437799635,97.0,4.96166,90.39484135450608,0
52.36854,2.0,4.612475562748068,1,3.625932548901677,98.0,4.9604,92.04662026740972,0
52.35781,2.0,1.7326208039228015,1,0.504430856064857,96.0,4.89663,386.06001248171873,1
52.37003,2.0,4.68689685387767,1,3.595893239791539,98.0,4.96173,90.27607421980088,0
52.36799,4.0,1.1199150496750092,1,0.3824055698576001,96.0,4.90714,373.3589702103129,1
52.37769,2.0,2.478895351747357,1,1.3334441451638506,88.0,4.85743,172.8309735139237,0
52.3569,2.0,6.058988674664705,1,1.7481671673724164,94.0,4.80823,77.94907670629594,0
52.38002,2.0,0.7922262181442554,1,0.7338243167507649,91.0,4.8895800000000005,362.76049979987135,1
52.38126,2.0,0.9249996021423226,1,0.7817880235791371,80.0,4.88956,327.0954295008321,0
52.36412,4.0,5.902076232094142,2,1.9405543232877949,97.0,4.80772,78.75712708465488,1
52.3186,2.0,7.01790675436861,1,0.2182564429090288,93.0,4.94459,68.85492833186875,0
52.37451,4.0,0.7503945779761707,2,0.8086828844577545,98.0,4.882280000000001,834.2476240404075,1
52.402,2.0,3.4008968845053844,1,1.512648825694328,99.0,4.91,112.41548615631967,0
52.3432,2.0,3.403098485949505,1,0.7077232272113942,95.0,4.90258,159.62716330921518,0
52.3617,2.0,3.0030686360809,1,1.6344634192292808,98.0,4.93297,146.7892473506369,1
52.3678,2.0,3.571400786708212,1,2.6197486990397936,94.0,4.94479,118.86254923532388,0
52.41516,2.0,4.6654114118221015,1,2.9774802400833957,92.0,4.894430000000001,84.34533934563056,0
52.33963,2.0,4.157070172595494,0,0.1012318191726814,82.0,4.91979,118.8480104557377,0
52.38683,4.0,1.61529472873922,4,1.4025393444600294,95.0,4.88478,216.66903638990155,1
52.34038,2.0,3.7813310591990335,1,0.9202137108935404,98.0,4.90733,138.153441790507,1
52.369,2.0,0.5851829316999698,1,0.401275176970096,98.0,4.888,533.6906722564439,1
52.39019,4.0,1.9307016592209525,2,1.5858252502236687,93.0,4.88707,185.07021874599272,1
52.41538,4.0,5.0392331758922175,1,1.7304866027390526,98.0,4.92022,78.49539118721323,0
52.37431,2.0,3.5992221200932195,1,2.460046063839885,95.0,4.945930000000001,115.40032340002736,0
52.36167,2.0,1.4993631412343562,1,0.2314822152442006,97.0,4.90441,321.4334985007762,0
52.405,2.0,3.716679326293173,0,1.5569628923100989,97.0,4.91,103.66151269313072,0
52.357040000000005,2.0,1.8105403189141107,1,0.5203169404675712,100.0,4.89575,397.7641964522144,1
52.379,2.0,0.6539669819722009,1,0.3510826980086694,90.0,4.89496,400.5474892639951,0
52.35691,4.0,1.8831520950903005,1,0.7067286569629585,95.0,4.90042,307.3928808669957,1
52.371970000000005,2.0,1.4071102007540723,1,1.3814078101685354,97.0,4.87254,310.10706577809185,1
52.35961,2.0,2.6780920014537366,0,1.844094477601163,92.0,4.86068,219.39308300845903,1
52.36252,2.0,2.061576554640393,1,1.558177167802819,94.0,4.8684,307.3177088361952,0
52.37932,4.0,1.792237506252496,2,1.8748732889669992,97.0,4.86873,225.47851576275224,1
52.34474,2.0,3.3426480507193443,1,0.647097191952299,97.0,4.90867,156.64429056352108,0
52.36257,2.0,1.2265998445779276,1,0.4873379813018268,97.0,4.89768,413.529822941769,1
52.34974,4.0,2.6187094013605834,2,0.4308307558331673,98.0,4.89072,253.50408604248312,1
52.38147,2.0,2.85095702392196,1,1.0720367196207157,98.0,4.85345,147.9559368107493,0
52.299240000000005,2.0,10.723483252396443,1,0.4545625659060568,97.0,4.99394,42.64524543570329,0
52.37422,4.0,4.934493704887129,2,1.0142340425633636,97.0,4.82065,92.04583513094003,1
52.37407,2.0,3.816301136112157,1,2.642407201417929,99.0,4.94913,108.99533136409497,0
52.338640000000005,4.0,4.295560862635061,1,0.1831750782063814,93.0,4.92111,114.52058580424035,1
52.36333,2.0,3.3720972916742413,1,2.1386838643617683,94.0,4.9399,128.52756957113422,1
52.35577,4.0,1.960856865325015,1,0.500426586761092,98.0,4.897,340.9321442116092,1
52.369,3.0,3.1412948011878608,1,2.2704517555461674,97.0,4.93871,134.3260317439675,1
52.362390000000005,2.0,1.680914916130399,1,0.204161187927555,100.0,4.91029,274.3394106583859,1
52.35585,4.0,1.9343923826676208,3,0.2811494140770151,98.0,4.892469999999999,459.2495077108359,1
52.38431,4.0,1.2475451828191395,3,0.939539308934614,99.0,4.89025,263.35857410569093,1
52.3475,2.0,2.8703632527640237,1,0.6699301441556185,100.0,4.89006,220.7168822199948,1
52.34881,2.0,7.723053179546973,1,3.2463361960463843,96.0,4.78696,60.53456847918652,0
52.35474,4.0,2.064980564395761,3,0.1256081740720538,98.0,4.89051,400.2049485917855,1
52.351000000000006,2.0,2.4735025666746417,1,0.3348317397744452,98.0,4.893,268.7262596180078,0
52.37271,4.0,0.218366101609283,2,0.2591512188348284,87.0,4.89001,645.9702485224424,1
52.37202,4.0,0.7242106613067878,3,0.1863698123406392,97.0,4.90355,442.9522338717844,1
52.371190000000006,3.0,2.010016972105639,1,1.4750921740191227,92.0,4.92243,208.1803105727486,1
52.379,2.0,1.1547535644310036,1,1.2846700786178615,99.0,4.879,339.70881347870363,1
52.38885,4.0,1.8376328981523096,2,1.584238759465108,94.0,4.88431,194.14088444215588,1
52.37836,5.0,1.088797787354492,2,1.212522232900192,99.0,4.87948,370.1729620834675,1
52.36075,4.0,1.388807900683971,2,0.1269511243741907,96.0,4.89297,482.4563117281613,1
52.37819,4.0,0.7110008852626659,2,0.8957467668007161,98.0,4.88651,451.090186323768,1
52.35643,2.0,3.418305160366661,1,1.1743112776586542,99.0,4.8510800000000005,158.53837353203647,1
52.34635,4.0,3.3858261601570585,3,0.8591961020934598,98.0,4.8698,182.7004527075412,1
52.36761,2.0,3.6811019022708114,1,0.6261363394588191,78.0,4.83983,128.85334689150477,1
52.365,2.0,1.1876186249041147,1,0.7745627020997912,92.0,4.882,450.535491142124,0
52.35297,4.0,3.7690531200659865,3,1.5272057403729855,98.0,4.93745,120.51708067686492,1
52.368,2.0,2.196436786257042,1,1.887286633437381,90.0,4.862,224.2102792092828,0
52.32206,2.0,8.283327632149607,1,0.5951119453181583,97.0,4.98141,55.10822282382704,0
52.3756,4.0,3.752141559788319,1,2.479915042294863,91.0,4.94807,110.15535185612433,0
52.36568,2.0,2.4074427244730043,1,1.3443515378999538,92.0,4.92623,183.5326206651502,0
52.322,2.0,8.56840750623002,1,0.8093578607499121,93.0,4.987,53.06629698853081,0
52.36368,2.0,1.1011644838435135,1,0.3515608640822453,97.0,4.88887,496.15378008770057,1
52.35189,2.0,2.378975833053337,1,0.3727314901110468,98.0,4.89525,274.16536633256885,1
52.322,2.0,8.568404780360307,1,0.8093416220982698,86.0,4.987,53.06632478313609,0
52.34291,2.0,3.603560472926401,1,0.5668273884573035,80.0,4.9117,142.296456967643,1
52.34616,2.0,3.018615585902174,1,0.5247043217551033,96.0,4.89016,204.41391112328608,0
52.37212,2.0,0.7632839134656935,1,0.7397462391919207,100.0,4.88204,526.2288357766299,1
52.41042,2.0,4.137211263962653,1,2.8408930193825026,93.0,4.893,94.1903087538516,0
52.37533,2.0,3.6367767909716906,1,0.4404027289694567,89.0,4.8398,123.57550523147172,0
52.37778,6.0,0.9709188271346144,3,1.096036280158745,99.0,4.88093,432.5511836008308,1
52.3612,2.0,2.1196232016134884,1,1.5086101517302042,97.0,4.86897,328.17306138038026,1
52.39035,4.0,1.9378488749721643,0,1.5727986406510968,93.0,4.88783,184.33578447789392,1
52.37755,4.0,3.7107928910227055,1,0.2215851965007317,96.0,4.83906,119.5510518185981,0
52.365,4.0,1.0057848731195025,1,0.5415389093721886,92.0,4.887,475.8870267068946,1
52.34101,2.0,4.718971513745547,1,0.7322021630584719,87.0,4.84805,112.56208681870976,0
52.3501,4.0,4.456138821808169,1,0.4126505145672419,99.0,4.83969,115.88172695765635,1
52.36698,4.0,4.018532276866914,2,0.6144464815739037,80.0,4.834980000000001,117.6891956206972,1
52.38666,2.0,2.4303914974794214,1,0.3131754497085762,86.0,4.92126,157.01224845898238,0
52.347,2.0,3.168237065948456,1,0.9120456255463492,91.0,4.875,203.65531340578391,0
52.37409,4.0,0.9580992248851998,1,0.9885629382649193,96.0,4.8791,525.8757741037032,1
52.3699,2.0,0.3714395451909041,0,0.134728523844149,90.0,4.89278,560.6407649016525,1
52.35964,2.0,2.146646791238017,1,1.3945468029754575,99.0,4.87073,395.2375801081415,1
52.3638,2.0,3.472098019071252,1,1.028521865497918,98.0,4.8445,142.30734863937988,0
52.35598,4.0,2.2190485159577604,2,0.1534425610558035,100.0,4.90945,225.64442507133535,1
52.36741,2.0,1.258901386091701,1,1.1347773626037854,90.0,4.87725,374.4815332136984,0
52.30013,2.0,10.853492735263176,1,0.7640354186733012,100.0,4.99856,42.02512118821275,0
52.37436,2.0,0.1613319628315826,0,0.3700923222171218,93.0,4.89161,625.9067944393308,0
52.37976,3.0,3.3127304935792248,1,0.5168796995178072,90.0,4.84563,131.02414823978182,1
52.35421,4.0,2.2645205162247763,2,0.4557332516539836,97.0,4.90493,238.07646316976425,1
52.36376,2.0,1.133040038699657,1,0.4199509714157932,100.0,4.89921,404.9316226298308,1
52.35199,4.0,2.379144746458994,2,0.4821955342373608,97.0,4.89712,263.6692090335655,1
52.36905,2.0,1.590912120846862,1,1.5167871078585553,96.0,4.87076,296.451873246274,0
52.36885,4.0,2.178444728310984,1,1.3971998000797672,97.0,4.92428,196.5126611111241,1
52.37062,4.0,0.6937770390868382,2,0.6103862978784339,95.0,4.88385,523.4543146623759,1
52.365590000000005,4.0,1.5250661771208915,3,1.2483942832692196,97.0,4.87451,356.8827670722301,1
52.37441,3.0,6.375406380227657,1,2.446078866743691,91.0,4.7994900000000005,70.85996261422403,0
52.35271,2.0,2.285602198759076,1,0.2944749113660804,91.0,4.89462,296.905952498924,0
52.37046,2.0,2.4741674013100776,1,1.499850873780279,95.0,4.85705,189.15662187032157,0
52.354,2.0,6.050694737204826,1,1.6662920533924643,98.0,4.81,78.65502105398002,0
52.29921,2.0,10.453219551947551,1,0.3322092144010337,87.0,4.98757,43.90667927503085,0
52.40601,2.0,4.599353594596956,1,0.5030919944116142,100.0,4.93428,85.88360917764973,0
52.35582,4.0,2.5285867094854373,4,1.472691888707652,95.0,4.8692400000000005,294.0718522167831,1
52.33217,2.0,4.774310108806402,1,0.2820637280625477,95.0,4.87274,112.8109825783908,1
52.38252,4.0,1.0502783080107736,3,0.8064406756102587,99.0,4.8903300000000005,298.4986070039177,1
52.36713,2.0,1.750366502069159,1,1.6355972255474551,98.0,4.86941,294.51785865837417,1
52.37835,2.0,0.5932291959302427,1,0.6365911773087146,95.0,4.89065,418.7542826708906,0
52.37392,3.0,5.21296650933706,0,3.8327160421129274,85.0,4.96965,80.7743220024433,0
52.37105,4.0,2.6612728993460566,2,1.970027955112244,91.0,4.93202,156.5725942450941,0
52.36101,2.0,2.1593820479734256,1,1.5422503626132524,98.0,4.868469999999999,319.087915711347,0
52.37351,2.0,0.3940358562606905,1,0.1959483590067264,94.0,4.89887,1171.698731990428,0
52.36633,2.0,2.2105463427447107,1,1.206081902143363,82.0,4.92354,199.4261840302045,0
52.38,2.0,0.7553339649403623,1,0.4486168804903532,91.0,4.894,369.5284855782464,0
52.35239,2.0,5.924732550802987,1,1.4765118209583892,94.0,4.81305,80.91661266719046,0
52.36104,2.0,1.3793400398962383,1,0.3861357620803379,98.0,4.89677,463.76115173670206,1
52.36714,2.0,1.0183806520872525,1,0.8601405523850606,99.0,4.88194,428.86047076471687,1
52.35056,2.0,2.5329930094495627,1,0.3442966105560922,93.0,4.88971,272.12171462361533,1
52.364,2.0,1.2286456559027872,1,0.3698019532961227,98.0,4.9030000000000005,378.6273375769307,0
52.37689,3.0,3.1050637991936187,2,1.8878481438597647,100.0,4.93831,130.86759510423877,1
52.36165,2.0,2.3702088966394856,1,1.8562790047053896,93.0,4.8638900000000005,251.3575291765688,0
52.36623,4.0,1.196304903861786,2,0.9783056128746024,91.0,4.87977,410.1875033050823,1
52.36092,4.0,1.3701507627213405,1,0.1073010915114232,92.0,4.89268,485.3833388954976,1
52.35222,2.0,2.445875336409064,1,0.626836891216754,80.0,4.90366,226.5677163710987,1
52.353,4.0,2.8597924696165715,2,0.5770980648418833,98.0,4.919,167.8949620902491,1
52.3566,5.0,3.503952091186423,2,1.7228436691300804,95.0,4.93679,127.88142450323312,1
52.36461,2.0,2.8949775310449337,1,1.7688405854417426,94.0,4.93321,149.84954956779998,0
52.35964,6.0,1.5122702295762689,3,0.1941015234293637,100.0,4.89319,502.5546659262051,1
52.35043,2.0,4.026662462247161,1,0.8724677156341855,99.0,4.84719,133.0731507795527,1
52.3447,4.0,3.1972985934282425,3,0.5412267604627591,97.0,4.89871,176.6340188872583,1
52.293040000000005,4.0,11.187100154117871,1,0.4238807315942822,90.0,4.99213,40.93141537073684,0
52.3659,2.0,0.8307142280759556,0,0.4514115129639788,94.0,4.8954,487.4503200969677,0
52.35528,2.0,2.2387743821770667,1,0.2342390132526644,99.0,4.90795,228.91945711332724,0
52.36917,4.0,1.2822467230183203,2,1.197580042986349,100.0,4.8754800000000005,350.08490612032057,1
52.36887,2.0,1.5910392036654406,1,1.5138877551236871,100.0,4.87085,298.02957243941023,1
52.37172,2.0,2.6153792122347443,0,1.978808815342543,98.0,4.931430000000001,158.58767571851618,0
52.35406,2.0,2.1379533266321595,0,0.0576981436516522,94.0,4.89098,366.6781064520412,0
52.382290000000005,2.0,3.24668560709205,1,0.733216648892451,96.0,4.84777,131.22909105941753,1
52.38487,4.0,2.88941954285758,2,1.1995434912583012,90.0,4.85516,142.66141538633403,1
52.3006,2.0,10.40607716946772,1,0.4685946543749776,88.0,4.98931,44.05838786563618,0
52.35945,4.0,2.6965813900665454,2,1.83151589988676,96.0,4.860530000000001,217.8642927488096,1
52.38406,2.0,1.2243296655599034,1,0.9383892634659836,95.0,4.889880000000001,267.24554078146804,1
52.2963,2.0,10.898646644844804,1,0.2003325792143527,94.0,4.9921,42.0102315706286,0
52.37925,2.0,0.8166865418020203,1,0.9430410759408056,88.0,4.88623,407.418002944745,1
52.34467,2.0,3.2543600386540854,1,0.8150482720745783,95.0,4.90341,167.11659141933703,0
52.37299,4.0,0.6128074572394556,2,0.6261354026228159,97.0,4.88411,631.1053435588188,1
52.32125,4.0,6.805426268752378,2,0.4178391799529932,100.0,4.94575,70.10495299437235,1
52.40916,4.0,4.055558885452375,3,2.144151474553194,98.0,4.90319,95.72595763316497,1
52.35666,4.0,7.297903452296986,1,3.0297151455229785,93.0,4.78942,63.5946631560096,0
52.36325,2.0,1.2051762215606054,1,0.427585515339741,94.0,4.88623,522.2366604265308,0
52.39782,4.0,2.86126129098388,0,1.341994910603279,99.0,4.90543,131.38619536393068,0
52.30713,3.0,9.461193276819836,2,0.5199748417991036,97.0,4.98045,48.69267325178657,1
52.3842,4.0,3.8756943705432993,0,0.5335506980152729,80.0,4.83907,110.86357295076512,0
52.34427,5.0,3.816294493436277,3,0.7166396308234398,95.0,4.86308,151.81721949833096,1
52.36353,2.0,1.157611864220484,1,0.4427565973806295,96.0,4.89924,401.03131697576816,1
52.37301,2.0,4.048209028263254,1,0.1245077819423133,98.0,4.83365,112.69328828568167,0
52.37426,4.0,3.9197071621384896,2,0.1967484252974422,96.0,4.83556,115.55889010684626,1
52.34573,4.0,3.061593749736752,2,0.4565702771027853,94.0,4.89156,198.0377840432063,1
52.36785,2.0,2.0819265631422392,1,2.005066358810773,96.0,4.86382,238.59330629901228,1
52.34575,2.0,8.328174013681252,1,3.322728204022658,98.0,5.00683,52.99015863147847,0
52.36,3.0,7.174061152495985,1,3.00537913654262,98.0,4.79,64.40738670447803,0
52.34976,2.0,3.869383502868556,1,1.1541799683788203,96.0,4.85118,142.055958436306,0
52.36122,4.0,2.502125234308872,2,1.9683862116295985,88.0,4.86204,233.13075697746552,1
52.376740000000005,2.0,2.946369673139789,1,0.8805309068987951,85.0,4.85021,149.24340150628325,1
52.36085,4.0,2.531798798357753,3,1.9508241563748103,89.0,4.86191,231.72012124040364,1
52.37252,4.0,0.1951980501873343,2,0.2543870729567982,99.0,4.89572,658.3522212609405,1
52.38548,4.0,1.4292708718377594,1,1.2019194359640075,100.0,4.88676,240.34242503296167,1
52.36582,2.0,0.9598558196666732,0,0.6589549052774286,88.0,4.88589,466.7377672473871,0
52.36125,2.0,1.731690237097334,0,0.1068345836161703,82.0,4.909330000000001,269.841142011123,0
52.36101,2.0,1.7635668072623376,0,0.1304376878811783,78.0,4.909590000000001,265.549253671504,0
52.377,2.0,1.1103486515953374,1,1.2007269573498716,96.0,4.878,383.8002810909582,0
52.33918,4.0,4.193063773512277,3,0.1530381646078639,100.0,4.91948,117.97138796474276,1
52.37599,6.0,6.446611060893965,3,2.5320980249943688,92.0,4.79853,69.83081289769423,1
52.36433,2.0,1.1633859680678085,1,0.6138031297978308,90.0,4.88414,482.224137588898,0
52.37353,2.0,0.345523840742521,1,0.4195982639991573,93.0,4.88805,601.0732077622108,1
52.3099,2.0,9.230171256230186,1,0.2947510204240605,100.0,4.9806,49.86553412435642,0
52.36457,2.0,1.0920611908615705,0,0.5619198281084249,90.0,4.88556,484.3405627483359,1
52.36267,3.0,1.2238902406353978,1,0.2904783052940414,95.0,4.88808,528.9737834773524,1
52.35604,5.0,3.5132238825336257,3,1.660496489168836,96.0,4.93637,127.9383072696673,1
52.368,4.0,1.4250454822872758,1,1.3247353046140298,96.0,4.874,334.7392241585087,1
52.35688,2.0,2.123122113662819,1,0.2337022412454324,91.0,4.90917,233.97037069420705,0
52.368,2.0,1.4250789186884407,1,1.324766945124097,86.0,4.874,334.7355142369054,0
52.37536,4.0,0.2403669761183767,1,0.4770434349678951,98.0,4.89372,573.9233635133938,1
52.36600000000001,2.0,2.7165218008543284,1,1.5253450419553285,87.0,4.855,184.30015274403863,0
52.36601,5.0,1.1627614308403376,3,0.9103197866147276,100.0,4.88076,422.79888637485817,1
52.37751,2.0,2.033686640136478,1,1.3125529101338531,91.0,4.92214,192.92230680455077,0
52.34932,2.0,2.670217588988946,1,0.6242630501583555,96.0,4.89646,227.7901394931664,1
52.37887,4.0,7.081052422366315,2,3.19576631771615,96.0,4.78951,63.19338704944276,0
52.36287,2.0,1.2454901675254375,1,0.4970273626145227,97.0,4.90002,383.5039123491596,1
52.36619,2.0,1.210052845440982,1,0.9869445639151446,93.0,4.87956,408.29498169845664,1
52.3664,4.0,6.329190085032534,2,4.411915315184665,96.0,4.98537,67.79328314836667,1
52.36837,4.0,0.9479501149031376,3,0.8155665154980324,100.0,4.88167,430.0257049834756,1
52.406690000000005,2.0,4.04677392100638,1,1.2112289797247815,98.0,4.91643,96.02079460218418,0
52.3341,4.0,7.448076119094492,2,2.4623758154471687,100.0,4.80439,64.5095450377896,0
52.37675,3.0,2.4211262791138632,2,1.3912920795491988,95.0,4.85801,178.21363072796612,1
52.37435,2.0,0.7316357598343444,1,0.3063782603336532,98.0,4.90369,433.35650056239376,1
52.36824,2.0,2.772629647037306,1,1.3098681163007877,93.0,4.85321,173.94552477556115,0
52.36115,2.0,1.6603169580718946,1,0.0365299349690898,98.0,4.90741,284.3492807047056,1
52.34713,4.0,8.149967773654454,3,3.3115272879983904,99.0,5.0049,54.1228129834926,1
52.318090000000005,2.0,6.978908089437527,1,0.0687184318413499,93.0,4.94193,69.93791924722572,0
52.383,2.0,4.629759730730524,0,0.8502639211480465,89.0,4.827,94.62022545891728,0
52.36876,3.0,0.5016413716644758,0,0.2751186389666705,92.0,4.89403,514.7601657518385,1
52.35761,4.0,1.7381836787487484,2,0.3776491570566164,94.0,4.89285,624.247328491881,1
52.371,2.0,0.5314343611142552,1,0.147342513212529,85.0,4.9,538.2687074056174,1
52.38255,2.0,1.8778904684545863,1,0.7651677882558822,91.0,4.9161,200.7716076992332,0
52.3676,4.0,0.8268636946364731,2,0.6483040842536506,89.0,4.88518,481.13705240777085,1
52.37851,2.0,3.169262405932536,1,0.6419533809730128,96.0,4.84736,137.62910940771846,0
52.36407,2.0,1.1180016594802644,1,0.4841207760826837,95.0,4.88636,494.6629614104263,0
52.36187,3.0,3.042632814959356,1,1.68990296753702,86.0,4.93374,144.53672476458436,0
52.35955,4.0,7.494987621979645,2,3.316991622443339,100.0,4.78534,61.509679709158505,1
52.37046,2.0,2.290544365670652,1,1.6831399184913935,96.0,4.85977,204.11181313265672,1
52.3656,2.0,0.9823256087976632,0,0.6400305551847726,92.0,4.88585,467.5135224021669,1
52.38089,4.0,0.9384199597900156,2,0.9089482696796484,97.0,4.88732,335.37631265276417,1
52.37542,4.0,0.8689376780218488,2,0.9431073696347472,95.0,4.88085,633.9997047200357,1
52.35482,2.0,3.5789888131796745,1,1.0807963140739605,86.0,4.85001,151.252340378934,0
52.3528,2.0,3.481206790359048,1,1.3413970797407817,96.0,4.85439,162.0233031706965,0
52.31694,2.0,7.104815916987718,1,0.1969119600847507,92.0,4.94234,69.5429657100053,0
52.36458,2.0,2.759807642732134,1,1.6131358710845638,97.0,4.855119999999999,185.5861487354961,0
52.34766,2.0,2.9304498212371377,1,0.9890716194329544,99.0,4.90341,187.91369073542867,0
52.37293,3.0,0.3971287274991505,1,0.4249699342286068,96.0,4.88729,594.8595937676282,1
52.34888,2.0,4.753301220591684,1,0.291265710472625,96.0,4.83576,107.15455177105588,0
52.37428,4.0,0.6432797933909642,1,0.7051149438759162,94.0,4.88381,996.1632313419872,0
52.36534,2.0,1.843414802892541,1,1.567852819146674,98.0,4.8693,300.17957750495395,0
52.37632,4.0,3.240919753612332,1,2.034269593921583,99.0,4.94043,126.09525199327896,1
52.35733,4.0,1.7763168318632667,1,0.3904185288251806,95.0,4.89078,719.998000016378,1
52.40775,4.0,3.9253330803389503,3,1.968889299785439,90.0,4.90505,98.60530250354162,0
52.35075,2.0,3.812821067852762,1,1.1108471283219898,100.0,4.85085,143.87556894037536,0
52.32989,4.0,4.894306981480401,2,0.8312679532162717,91.0,4.8808,108.72017350633404,1
52.36517,3.0,2.7484060408978936,1,1.6530573697807769,98.0,4.93125,157.96409002578486,0
52.3542,2.0,2.465013388537726,2,0.1210290090382624,97.0,4.911630000000001,202.66465710267053,0
52.3769,2.0,1.182523156670852,0,1.2642717941773842,93.0,4.8768,355.9203192396852,0
52.36846,2.0,1.761900973638962,1,1.6840366529235025,90.0,4.86843,277.3470416254948,1
52.36957,2.0,1.4333734110859075,1,1.3630703276441116,90.0,4.87292,318.293068135185,1
52.36912,2.0,1.5514001269716866,1,0.923614786809486,98.0,4.91487,295.47410624901687,0
52.35575,4.0,1.96011552062919,3,0.2477981208904617,95.0,4.88954,462.9500015300287,1
52.35179,2.0,3.310462564729232,0,0.8596018053488346,92.0,4.9268,141.468037844658,0
52.39115,2.0,2.4641833980904337,1,1.5184080542126452,95.0,4.87182,155.51625607464396,1
52.35457,2.0,6.32486346550931,1,1.964267309099485,90.0,4.80538,74.72745561903724,0
52.354,4.0,2.140598515315153,2,0.2386103255550466,98.0,4.894,339.3946231131485,1
52.36542,2.0,6.291365973282467,1,2.3808055243960418,98.0,4.8016,73.29932229151127,0
52.35523,2.0,2.011355928615153,0,0.4006963639941867,89.0,4.89581,351.3510289613391,0
52.35614,4.0,2.937801886453491,2,0.998585843757206,96.0,4.92598,156.7582338224784,0
52.38293,2.0,1.737851302767052,1,1.877712322461092,95.0,4.87309,220.19436532292704,0
52.37745,2.0,1.0888412392791802,1,1.1916766135357626,94.0,4.87867,386.5195153228388,1
52.36401,3.0,1.9131368224630303,1,1.521022938247527,97.0,4.86939,309.6124961668028,0
52.35414,2.0,2.1368991958336045,0,0.0837770875750669,88.0,4.88968,377.94156210833535,0
52.38177,2.0,1.8688444053531743,1,0.8393184180742623,100.0,4.91674,202.3092006433654,0
52.35927,2.0,1.5647645877321996,0,0.1816822906160285,84.0,4.89034,625.5835795505775,0
52.37413,2.0,3.5489264149300257,1,2.4371601128802998,97.0,4.9452,117.0813979657718,0
52.36,2.0,2.579456768894296,1,1.939540827332288,98.0,4.862,231.5305439178288,0
52.37062,4.0,2.680403418532747,3,1.2899112742126717,93.0,4.85397,174.28439200948378,1
52.36325,6.0,4.051917607255711,3,0.6841712966128629,90.0,4.83588,119.51061671949284,1
52.37315,2.0,2.314548394921164,1,1.595429011714874,100.0,4.85911,193.87918986717736,1
52.38435,3.0,1.4756207370733208,1,1.4395679661164715,100.0,4.88128,240.34626044102217,1
52.37137,2.0,0.2862270363942465,1,0.2213098445190591,96.0,4.896,593.6725920169926,0
52.37045,4.0,0.3639339290695795,2,0.2256158781449668,95.0,4.89591,545.18004143042,1
52.34542,2.0,8.396193965451163,0,3.349573513993501,99.0,5.00769,52.56307588103194,0
52.402,2.0,3.257268339680081,1,1.8448750660290103,99.0,4.902,116.89655313887847,0
52.34984,4.0,7.969305988961323,3,3.4497912331003158,87.0,5.00369,55.34129402461976,1
52.36082,4.0,3.53040385878742,2,2.096772714077786,89.0,4.94081,124.0456410990909,1
52.35465,2.0,2.1587272360800718,1,0.462624354105188,100.0,4.88398,439.95635250800126,1
52.419,6.0,5.309254055530047,3,2.98330456540736,93.0,4.871,75.55013786236496,1
52.35136,2.0,3.550537513117757,1,1.394272482037601,100.0,4.8551400000000005,159.92594772484657,1
52.317040000000006,2.0,8.894206248511344,1,0.4494306281654909,96.0,4.98595,51.35051853062935,0
52.3717,4.0,0.2974726347767152,2,0.273675427402192,95.0,4.89668,639.0315767979187,1
52.3726,4.0,0.1673131477644722,4,0.2400719766181269,98.0,4.89533,664.210649118196,1
52.37116,2.0,0.3700082752668438,1,0.2649952611077426,97.0,4.89735,581.3305425969783,0
52.37781,2.0,3.3864906698808577,0,0.4393454321343346,95.0,4.84393,130.10242472169176,1
52.35508,4.0,2.056143962063712,1,0.5829532354990414,96.0,4.89877,301.53280487005804,1
52.3725,4.0,1.9873365148655668,2,1.9243132700446044,96.0,4.86394,225.29731759773136,0
52.35124,2.0,2.583144908068959,1,0.6132777706171577,95.0,4.90526,209.9528354256452,1
52.31577,4.0,7.401774924959425,2,0.324430029958923,96.0,4.94785,65.41870764064208,0
52.35431,4.0,2.2026551610414105,2,0.4808489268128597,89.0,4.88359,420.7608880216559,1
52.40876,4.0,4.745291339574047,3,0.7900395774136626,100.0,4.93168,83.27989324823855,1
52.360490000000006,3.0,2.4862560849513597,2,1.9075886852707808,100.0,4.86311,242.97417571770512,1
52.36371,6.0,1.143335256300487,4,0.434767398257414,87.0,4.88679,502.45223980266127,1
52.37812,2.0,1.661022025321989,1,1.7328978100848034,92.0,4.87005,245.2952625463126,0
52.37111,2.0,0.3428061638767657,1,0.2704808015473475,96.0,4.89675,577.5320485900139,0
52.37106,2.0,0.8993193377447499,1,0.8442495516905745,100.0,4.880380000000001,448.7291179382343,1
52.36286,4.0,1.4690753644746604,2,0.1869973972516004,99.0,4.90645,313.5746917691717,1
52.37562,2.0,4.45291253977435,1,0.6150929612848858,84.0,4.82782,101.20523450766248,0
52.37481,5.0,1.3407265036144973,2,1.3704601766751132,95.0,4.8735800000000005,316.6859584024078,1
52.364,4.0,1.2216762047028968,1,0.6329835978810849,97.0,4.88339,487.2615710463077,1
52.35059,3.0,2.678607793001168,1,0.619887130110782,92.0,4.90647,199.7189224866312,0
52.38787,2.0,1.6450857112662365,1,1.2728867269609074,100.0,4.88967,211.26138952170928,1
52.37539,2.0,0.2895266515672745,1,0.4493808956206092,88.0,4.89548,614.6521542433806,1
52.37507,2.0,0.2726701727182661,1,0.4680815370178567,94.0,4.89045,559.4173509473698,1
52.36612,2.0,0.922796231237302,1,0.6789854703980611,99.0,4.8861300000000005,468.19030268925087,1
52.37442,2.0,1.3403735525137348,1,0.8435705630862228,74.0,4.91269,361.5892573229458,0
52.37485,2.0,1.2980229450859604,1,0.8133544991075086,89.0,4.911980000000001,334.81249468232926,0
52.325,2.0,6.502260068918842,1,0.1868052977296511,81.0,4.947,72.6655390369437,0
52.37578,4.0,3.6138475671793455,2,0.4328047659136378,96.0,4.84019,123.97635311258864,1
52.31102,2.0,8.78717569020699,1,0.7601124924663225,98.0,4.97255,52.68068767296979,0
52.394,6.0,2.5809634907719534,3,0.8236820945514493,95.0,4.91,145.0465212466992,1
52.36038,3.0,3.046515129832056,2,1.3878199440190568,97.0,4.8536,176.0192994642214,1
52.3638,2.0,1.0877057867638138,1,0.4831030836764748,100.0,4.8973,427.8783917590101,1
52.35965,4.0,1.7850137283759848,2,0.8252620114311899,98.0,4.87915,726.6007015071997,1
52.37215,2.0,0.2804455866459713,1,0.2733957537077167,98.0,4.89682,674.7465841786629,0
52.37835,2.0,0.902817036775705,1,1.053211220818456,98.0,4.88281,431.7864540505447,0
52.36382,2.0,1.5409509359930025,1,0.3004920413890542,92.0,4.9097,297.0116241093587,1
52.2915,2.0,11.038044988580411,1,0.6165535508205746,96.0,4.98491,41.64218464090962,0
52.3614,4.0,1.337129427158154,4,0.3750906027160168,98.0,4.89654,1861.001507063012,1
52.363,2.0,2.7712160729049127,1,1.6374777267576586,88.0,4.856,190.5141876837763,0
52.35333,4.0,2.228795196244665,3,0.4285827306811792,96.0,4.8968300000000005,290.7780401436918,1
52.36534,2.0,3.1085899421577183,1,2.0309185993218186,95.0,4.93689,138.35517957358593,1
52.33954,2.0,4.0910736894608,1,0.2634186961461464,97.0,4.91716,121.97051355706968,0
52.34965,2.0,2.6441496003211595,1,0.4671583350127822,98.0,4.88828,257.5117976315672,1
52.30793,4.0,9.186679711215287,2,0.6987056383144588,87.0,4.97561,50.30646945995107,1
52.3685,2.0,0.749909127940408,1,0.588613800221921,99.0,4.88526,488.4234730038068,0
52.394,6.0,2.5809800774886003,1,0.8236655684837957,100.0,4.91,145.04570426250578,1
52.394,4.0,2.5809768821939887,1,0.8236759028790247,100.0,4.91,145.04584595713612,1
52.31603,2.0,7.256823710579931,1,0.3483140225749814,89.0,4.94428,68.17177946386616,0
52.36596,2.0,0.9357224284744096,0,0.6611870535492602,89.0,4.8862,468.2790672273858,0
52.366620000000005,2.0,0.7420383543710357,2,0.4912928462120452,92.0,4.89452,501.16182391026393,1
52.36561,3.0,0.971569080547961,0,0.6301026675351763,83.0,4.88614,468.7534242375282,1
52.3757,4.0,0.2754348902526141,1,0.5105237658897454,90.0,4.89276,535.3115321735772,0
52.38322,2.0,1.2092938883854898,1,1.0919718174382118,95.0,4.88609,275.33215581247447,1
52.38981,2.0,2.121118972301494,1,1.94572610404716,97.0,4.87771,174.98190165471846,0
52.35152,4.0,3.563816361456737,2,1.3584681110082284,96.0,4.85463,158.6251092034147,1
52.342,2.0,4.593248430863174,1,0.7231281133302132,96.0,4.849,116.42925547894114,0
52.36471,2.0,2.116070967254967,0,0.9658406237026368,93.0,4.92088,213.76868344813823,1
52.33435,4.0,4.5939311522871895,1,0.1051871237368232,96.0,4.8704,118.69541464095842,0
52.32278,2.0,6.648888306593069,1,0.4407995498447566,94.0,4.94541,71.52259879210423,0
52.36891,2.0,0.5337976180149427,1,0.3223209296815849,100.0,4.8897,558.1227842396606,1
52.36600000000001,2.0,1.472049269004995,1,1.2387197994690615,100.0,4.875,358.4172883123024,0
52.373000000000005,2.0,3.3978644701004037,1,2.422338490819688,100.0,4.9430000000000005,122.32348431384251,0
52.39655,2.0,2.716817308289298,1,1.2687303095151,98.0,4.90496,137.7045306762679,0
52.35875,2.0,1.8791674519616897,0,0.2953727420915962,95.0,4.9073,261.99166388131226,0
52.37017,4.0,2.153009991498413,2,1.4911980998059209,100.0,4.92432,195.9593131938744,1
52.3577,4.0,3.2965734069277315,3,1.226627473905339,95.0,4.85188,164.19034132997007,1
52.40395,2.0,3.488159987939203,1,1.964908681535753,99.0,4.90337,109.82260383280328,0
52.3709,4.0,0.6662369998526062,2,0.5920692170542828,100.0,4.8840900000000005,518.0707414292642,1
52.35096,4.0,3.0841225527215075,2,0.5317907808547516,73.0,4.920059999999999,156.45651391829924,1
52.35031,4.0,3.1641595963446867,2,0.4767363699926728,95.0,4.9206,152.53434322463423,1
52.35076,4.0,3.1502542206829074,2,0.540488286065526,93.0,4.92124,152.46866129945485,1
52.3611,2.0,2.9429788856346506,2,1.4817144252959469,94.0,4.8547,182.3518577423349,0
52.351000000000006,3.0,2.757608074338754,2,0.4766601961843698,97.0,4.9110000000000005,185.43684473669015,1
52.37148,2.0,2.709045091252892,1,1.2405762988964817,90.0,4.85342,170.59825955720453,0
52.377590000000005,4.0,0.5049749473094602,1,0.338421910928131,88.0,4.89518,453.9553113432933,1
52.374390000000005,2.0,0.3379457651761013,0,0.3224488468834334,96.0,4.89769,694.7104911451414,1
52.35826,4.0,2.793038724881065,2,1.05041461371443,93.0,4.926019999999999,163.43678084203373,1
52.37685,2.0,0.4062584290776245,0,0.44562526639602,88.0,4.89392,480.79321658453046,0
52.35815,2.0,2.811828644796849,1,1.0602656077469006,89.0,4.92623,162.30021198720564,0
52.35758,4.0,2.955913597127819,3,1.644883337396129,76.0,4.85803,195.42778102480543,1
52.35914,2.0,2.8993484756765104,1,1.6081795662275111,81.0,4.85729,194.5023080540704,0
52.29306,4.0,10.729829705225098,2,0.5039596498564389,97.0,4.98061,42.95105420164763,1
52.36755,2.0,1.077961503252688,0,0.93877851992916,94.0,4.88028,409.6709558877644,0
52.37615,2.0,0.3362210405432312,1,0.5644530996156306,93.0,4.89181,506.5071839252,1
52.3553,4.0,1.995211956436393,2,0.2694131643224492,100.0,4.89339,447.80552519204974,1
52.394,6.0,2.5810130243666207,2,0.8236756885990021,97.0,4.91,145.04398725726858,1
52.35437,4.0,2.123157088876007,1,0.5026921388728146,90.0,4.89783,300.2609225403001,1
52.36458,2.0,1.821746995584432,1,1.4715643124926323,99.0,4.87039,317.5421712023858,0
52.34177,4.0,3.575143509989056,2,0.7687288633653885,87.0,4.90378,149.77481643824325,1
52.38319,4.0,1.406046877004593,3,0.6700167005633776,97.0,4.905819999999999,275.71631687371433,1
52.34158,3.0,3.5439609687505778,2,0.4396085408345265,96.0,4.89895,155.44992535509212,1
52.34985,2.0,2.758944308279711,1,0.8550361570034479,95.0,4.87961,258.8251225759647,0
52.35332,4.0,2.49564889900842,1,0.9764219624064068,92.0,4.8762300000000005,327.57128699728696,1
52.36958,4.0,0.743948359039764,1,0.6248095859988213,94.0,4.88395,485.8601433004948,0
52.362,2.0,1.3351060020588563,1,0.5340880619057765,99.0,4.9,372.868466290284,1
52.34736,2.0,8.232046569750697,0,3.403507056190536,92.0,5.00633,53.55858936386273,0
52.35446,2.0,7.325870535810913,1,3.5139902400810885,100.0,4.9962,59.78930772071099,0
52.36205,3.0,2.0966638442762786,3,1.5582261423238473,86.0,4.86832,309.4338277305511,1
52.40631,4.0,3.7049954688395865,3,2.2910261030206738,100.0,4.89942,104.04550604759602,1
52.34515,4.0,3.4341942413510718,2,0.2901789858581217,97.0,4.91403,147.5394303620012,1
52.35133,4.0,3.850381411625262,2,1.000077602362588,100.0,4.84933,140.9531656784041,1
52.36785,3.0,0.8045956315218976,0,0.6302379843526383,100.0,4.88521,482.9851901439609,1
52.37383,2.0,0.099653501265351,0,0.3069820702666234,93.0,4.89201,730.7011331489559,0
52.35588,4.0,1.976076094847115,2,0.3541166133183717,98.0,4.886909999999999,488.2219223942225,1
52.36458,4.0,1.0923607673057556,2,0.5645858864491468,95.0,4.88552,483.972028645279,1
52.3813,2.0,3.0114927176052677,1,0.897171291149295,96.0,4.85088,141.18469548682526,0
52.37423,5.0,0.5271932106561056,2,0.2236425474841289,100.0,4.90067,585.6017573308761,1
52.37205,2.0,1.4781001972750474,1,1.454009367084325,92.0,4.87148,296.3239445072076,1
52.36251,2.0,1.3437307396437903,1,0.5177519727617415,98.0,4.88402,569.2392404611548,0
52.37405,6.0,0.4331093948195396,3,0.2279685851001318,94.0,4.89932,765.2458113601358,1
52.36714,2.0,0.8976368472520828,0,0.718351833185352,100.0,4.88446,459.4092843943688,0
52.36737,3.0,0.8214128172087305,0,0.633240498829823,86.0,4.88577,483.8956796556228,1
52.2977,3.0,11.03773603590017,2,0.62723648735813,99.0,4.99811,41.34581473923222,1
52.36695,2.0,0.948788096520026,0,0.7734100397526606,82.0,4.88368,448.3383723329141,0
52.35123,2.0,3.910851974538859,1,0.9328881519374496,97.0,4.848319999999999,137.87614900334322,1
52.35907,2.0,1.6265889740902009,1,0.5739458151154336,96.0,4.899030000000001,353.50611430447583,0
52.37062,2.0,1.3605492938037025,1,0.8221647565339516,97.0,4.91262,314.7246811975977,0
52.3648,2.0,1.0935841673244506,1,0.6136814818182426,96.0,4.88485,474.6978058329911,0
52.346,2.0,6.003937195420157,1,1.1893164742118734,90.0,4.817,81.10985616953741,0
52.38597,4.0,1.47417472781914,3,1.220433126369452,98.0,4.88713,232.8824518769272,1
52.346,2.0,6.003951952173575,1,1.18932648328062,96.0,4.817,81.10964544558365,0
52.30652,2.0,9.348029945732897,1,0.7445803900753045,93.0,4.9765,49.41980099625926,0
52.3255,2.0,5.4162755237285065,1,0.5772118077880999,92.0,4.87746,96.07755864111849,0
52.35175,3.0,2.410867957674224,2,0.2515066607075367,98.0,4.88846,304.0531156525276,1
52.34143,2.0,3.608388448018828,1,0.7500055295798854,98.0,4.9035,148.42220321626465,0
52.37409,2.0,1.4922559400801028,1,1.5041949741295515,94.0,4.871230000000001,286.1587380946926,0
52.36269,2.0,1.3951070045336125,1,0.6533778129471487,99.0,4.88201,532.8965183737585,0
52.36354,2.0,1.2006366562787605,1,0.494616939734642,99.0,4.88535,513.2098734261585,0
52.34624,4.0,3.242923417708941,3,0.8299651281645313,100.0,4.87513,195.8554566012406,1
52.36281,2.0,1.3612904337231495,1,0.6180706858518248,99.0,4.882630000000001,534.0720801405782,0
52.346790000000006,2.0,5.303744894605014,1,0.4203411204161449,99.0,4.82831,94.0741152597859,0
52.381,2.0,2.477384541826873,1,1.4363972018379791,93.0,4.859,167.6034966452356,0
52.3553,4.0,3.644934918270801,4,1.691230146239749,98.0,4.93789,123.36672361001916,1
52.35909,2.0,1.5777312456317156,1,0.3174337692852088,98.0,4.8948,451.98711404430736,1
52.36735,2.0,0.6803930072622437,1,0.4493960663752936,75.0,4.89037,610.1668379020842,0
52.36868,2.0,1.444189241127498,1,1.3576806429356143,98.0,4.87324,324.05254938554924,0
52.372,4.0,0.1885288278893922,1,0.1807682543430058,88.0,4.895,639.5974193197436,1
52.37264,3.0,0.1386645584328363,0,0.1972943061356879,100.0,4.89131,769.4752057286788,1
52.37194,2.0,3.8377111455988544,1,2.8134863633251825,99.0,4.94942,109.15362825678928,1
52.382,2.0,2.622877256729827,1,1.3433485672929883,100.0,4.85734,158.27971882831753,0
52.3786,2.0,1.0632696220786984,1,1.1958198961371844,93.0,4.88018,373.3661159858116,1
52.36646,4.0,1.2367465025820918,2,1.0518418774747902,94.0,4.8787,396.7858823464008,1
52.35477,2.0,7.083711327609709,1,3.4133063845220613,94.0,4.99264,61.750098926728896,0
52.37075,4.0,0.2877071439287178,2,0.0708805340183559,91.0,4.89192,615.7023229108833,1
52.34234,2.0,5.145610907606987,1,1.4258260483667795,90.0,4.949319999999999,89.11430535737149,0
52.34956,4.0,3.994828511071973,2,1.0167929637847486,96.0,4.849,135.63467796015536,1
52.37764,4.0,0.5999995685426281,1,0.1459595422340796,82.0,4.89818,460.4257732630122,1
52.37788,2.0,0.756970102359457,1,0.921397238856894,90.0,4.8849800000000005,484.32254799554215,1
52.36339,2.0,1.231425680175296,1,0.5137138801903348,96.0,4.88483,518.3945190751108,0
52.34576,4.0,3.963243943737326,2,0.8068746127730139,98.0,4.85606,141.887468136374,1
52.362840000000006,4.0,4.69702236945333,1,3.4063201159111443,91.0,4.95995,91.80599285908444,0
52.376000000000005,3.0,0.691933325614957,2,0.8081288836765702,98.0,4.884,1029.7270934687006,1
52.349340000000005,2.0,8.377399284977615,1,3.722545864828776,95.0,5.00974,52.51551063768717,0
52.3568,2.0,1.9072743504697696,1,0.6846673932413595,96.0,4.90108,298.27709666896425,0
52.399,2.0,2.978906253871682,0,1.458253468980608,97.0,4.905,126.65474164887952,0
52.36068,4.0,2.9054047862504158,1,1.5339842203263518,100.0,4.85569,187.33162850698767,1
52.39416,2.0,4.288270007423799,1,1.2556685082768544,92.0,4.946000000000001,93.0477985138743,0
52.35777,2.0,1.8418085686184145,1,0.5281244287931286,98.0,4.90276,291.3485985215484,0
52.36744,4.0,1.6015873642380736,2,1.5008579628497989,95.0,4.871569999999999,311.452306192605,1
52.37688,4.0,7.6932272926316285,2,3.776977783080029,100.0,4.78027,58.319628420556064,0
52.37809,2.0,0.5545413209293035,1,0.3462387608679918,97.0,4.89493,432.0740225788731,1
52.37965,2.0,0.8294274663677281,1,0.9038613908996508,75.0,4.8869,382.8610120231874,0
52.37872,4.0,2.5254227602653385,3,1.299804344191244,92.0,4.85711,168.3306269464408,1
52.36314,2.0,6.479034106524619,1,4.095711511684364,100.0,4.9868,66.59101202755245,0
52.3721,2.0,0.4995517654354977,0,0.0452202367146166,87.0,4.9002,621.879988081089,0
52.32582,2.0,7.972738293051172,1,0.585419388573309,90.0,4.98085,57.07735496541214,0
52.38325,2.0,1.1803151435424777,1,1.017945187754835,93.0,4.88739,277.50451156726183,0
52.36318,2.0,3.698008283526384,1,2.443507004982804,99.0,4.94486,117.22297548005778,0
52.34941,2.0,7.897124607130071,1,3.34950709086902,100.0,5.00232,55.840103455842616,1
52.355340000000005,4.0,1.9940523834752912,2,0.2005759773314424,96.0,4.89139,428.4686974457253,1
52.36286,2.0,1.154034697516804,1,0.2640954345088986,96.0,4.89313,470.2827021864132,0
52.35642,2.0,6.405929876874316,1,2.0964043471281717,98.0,4.80314,73.36471873147556,0
52.37288,2.0,1.1617217829190112,1,1.1559535414523046,98.0,4.87605,373.1168956700233,1
52.37793,4.0,0.6074574904854887,1,0.1661690453846391,91.0,4.89765,447.7262630428791,1
52.37485,2.0,3.646617307681841,1,2.4541086259470197,96.0,4.9465900000000005,113.58408859120011,0
52.37326,2.0,0.2988822359077754,1,0.2552566017232897,93.0,4.89749,837.3004136576811,0
52.37165,2.0,0.2645439121022677,1,0.2274570512331603,93.0,4.896,612.6367196113142,0
52.36589,5.0,1.5112863647308643,1,1.267770006365097,97.0,4.87443,352.8978418975872,1
52.38521,2.0,1.8979244283569972,1,1.908060732504753,100.0,4.87325,199.72758701094924,1
52.41432,2.0,4.573755646739478,1,3.1503408673472277,99.0,4.8908,85.97760253276465,0
52.37131,2.0,0.7816646297545559,1,0.7301650831663089,98.0,4.88206,492.3270910882164,1
52.36053,2.0,2.1576837719183564,1,1.495510031238361,94.0,4.86916,337.4753962873464,0
52.38967,2.0,1.871115677546975,1,1.529883826847158,100.0,4.8872800000000005,190.0177724299064,0
52.34538,4.0,3.12479210393515,2,0.5491544392071435,97.0,4.88719,198.3687329763432,1
52.3417,4.0,3.5692106976545204,2,0.6984649219093739,100.0,4.90275,150.90604633367053,1
52.4043,3.0,3.607836531849917,1,1.6539819223109358,95.0,4.9083,106.48773770874756,0
52.36381,2.0,3.1346149544386988,1,1.9549805476199429,96.0,4.93648,138.35009827502572,0
52.35495,6.0,2.0382608219750145,3,0.1548958309412227,98.0,4.89118,407.1047475638232,1
52.35227,2.0,3.023485756770368,1,1.5885218629941165,98.0,4.86485,211.54906323871649,0
52.385740000000006,2.0,2.1519227347287444,1,1.6432708214224112,100.0,4.86899,180.22797368988805,1
52.37669,4.0,3.38818760577173,3,2.1115455002657875,91.0,4.94254,120.9502917750295,1
52.40036,2.0,3.064782626540737,1,1.7577296924392285,98.0,4.90094,123.5041302320916,0
52.35676,3.0,1.839897858327952,1,0.485490105549392,97.0,4.895490000000001,399.5788985242028,0
52.35291,2.0,2.432694452645903,1,0.7287260460188892,70.0,4.879919999999999,343.81401748214205,0
52.37856,4.0,0.6188752838771392,2,0.2924994583056112,89.0,4.89572,417.1147421010812,1
52.38335,4.0,2.986559534823481,3,1.0732218232824755,91.0,4.852469999999999,140.1697478040519,1
52.377590000000005,2.0,0.5389110321049098,1,0.2484030642858937,100.0,4.89656,463.9106211533963,1
52.35668,2.0,1.8439233325897628,1,0.3506878607343284,81.0,4.89173,553.4858375646819,1
52.36788,2.0,1.888064753502736,1,1.8058525767287328,99.0,4.86679,266.25177372602366,1
52.37936,4.0,2.6026624232858904,2,1.236035020445942,99.0,4.85621,162.99721312278714,1
52.37281,4.0,0.44043270378182,2,0.4568479340846588,80.0,4.88667,595.9078816617867,1
52.35596,4.0,1.927053639386917,2,0.2629848020509173,88.0,4.89099,474.52890311778793,1
52.36404,2.0,2.443634646064763,1,1.2551263234995729,87.0,4.92569,182.8724456787919,0
52.34944,2.0,6.64146886597979,1,2.123983401411834,96.0,4.803669999999999,71.5488478136095,0
52.31015,2.0,10.14956306452238,1,1.1136174542069004,92.0,5.0007,44.771650014593234,0
52.31044,2.0,10.128259537926995,1,1.112341340250019,91.0,5.000719999999999,44.85911648685495,0
52.3101,2.0,10.073490090961544,1,1.0036405514042732,88.0,4.99907,45.16045440505382,0
52.31241,2.0,9.96621180978298,1,1.1029434397236724,95.0,5.0004800000000005,45.54853867647846,0
52.369690000000006,2.0,1.2177899313284035,0,1.1412571568986538,90.0,4.876180000000001,360.0421176576738,0
52.36399,2.0,1.170821138050782,1,0.5508823705734878,95.0,4.88488,499.39838897935874,1
52.37114,2.0,1.1301492900586705,0,1.0839193532247509,94.0,4.87686,378.068546009856,0
52.35446,4.0,2.1817361903320878,3,0.4671099382495319,98.0,4.88384,428.7552155202399,1
52.35313,4.0,2.3361408437968723,2,0.6187855312563412,100.0,4.90301,239.48820531466544,1
52.35693,2.0,1.862884971413064,1,0.7031591102460618,92.0,4.8993400000000005,322.00142414569194,0
52.37351,4.0,0.9721050325800308,1,0.4675960645624426,96.0,4.907369999999999,363.9759101953681,1
52.37657,2.0,0.992702453740026,1,1.0846547847896026,99.0,4.879580000000001,456.4235124595401,1
52.36232,5.0,2.928281339168406,3,1.621455341084057,90.0,4.932230000000001,150.30284578702197,1
52.35296,4.0,2.327682714835818,3,0.7181427551568089,88.0,4.90155,247.03645640041293,1
52.34085,4.0,3.602701442903627,2,0.1007740057793931,100.0,4.89314,157.64812746200016,1
52.381890000000006,4.0,2.8778553173215284,2,1.0709355640523273,95.0,4.853269999999999,146.28291825016836,1
52.37032,2.0,1.7651125849760003,1,1.7153961722742237,96.0,4.86762,261.95091315935144,0
52.36221,2.0,1.264715166206373,1,0.4703280996300124,100.0,4.89764,416.4259857035352,0
52.397870000000005,2.0,4.296259327816605,1,0.7710028462696366,96.0,4.9417,92.29459205066688,1
52.35293,4.0,2.975607201563641,2,1.6553353038551804,100.0,4.86466,215.68007048981096,1
52.31681,2.0,7.594588097597925,1,0.7838911247101393,96.0,4.95584,62.13633042944577,0
52.36843,4.0,1.5170885254790842,0,1.4293613333939603,94.0,4.87225,314.06969422026526,1
52.34877,3.0,6.525145643031819,1,1.9539501035177171,97.0,4.806030000000001,73.10773825527971,0
52.36671,3.0,2.8347780882133384,0,1.3595669919985298,97.0,4.85286,173.5824822548171,1
52.3555,3.0,3.627089026715249,1,1.6989098857854066,94.0,4.937790000000001,123.8941448237494,0
52.36377,2.0,1.2773008303798905,1,0.672541589405056,88.0,4.88248,490.2570023169704,0
52.36376,2.0,1.1397055853048172,0,0.4416495572029794,100.0,4.88673,501.2545999068109,0
52.36054,2.0,1.412392533345688,1,0.1659570897955379,96.0,4.8935,474.2850875139236,1
52.36441,2.0,1.2393663643866293,1,0.737743309544983,88.0,4.88199,464.15224909017786,0
52.37066,4.0,1.4323810575774172,1,1.3824197464176904,100.0,4.87249,311.36333350251914,1
52.35801,4.0,2.863347344159845,2,1.7263130674050886,96.0,4.8592,204.33280712156665,1
52.38051,3.0,1.478541063093686,1,1.6031666695885105,98.0,4.87493,261.82460169029764,1
52.373000000000005,4.0,1.3008801280607143,2,1.295799455852778,88.0,4.874,331.1194925983033,1
52.39941,2.0,3.0382605954299087,1,1.4573425714918402,99.0,4.905819999999999,124.43482534804367,0
52.42337,2.0,5.598412744386663,1,3.950470390051717,96.0,4.88607,71.4795060995182,0
52.35775,2.0,2.0919879287307603,0,1.1062793411622822,88.0,4.87567,522.3891532001155,0
52.35606,2.0,2.238971850341774,0,1.0309148392372562,92.0,4.87596,435.3389180456227,0
52.40724,4.0,3.819808218651902,3,2.2242555731559417,93.0,4.90083,101.14354234517184,1
52.37163,4.0,2.1442717752745533,2,1.803145765040602,90.0,4.86172,213.09496672379387,1
52.362,2.0,3.5060140733365786,1,0.9248057626643064,97.0,4.845,143.2816627474033,0
52.399,2.0,3.4386970579425946,1,0.8192941851368829,100.0,4.921,111.9542343567784,0
52.37,2.0,1.2707944936456663,1,0.7067336200557744,100.0,4.9110000000000005,329.9242642337695,1
52.356,2.0,2.081457384390995,1,0.4425872141132757,100.0,4.905,254.6140358434519,0
52.383,2.0,1.086623021139889,1,0.704737729790729,100.0,4.893,293.07221316294425,0
52.375,2.0,1.5852074297594774,1,1.61021178321822,100.0,4.87,267.0546388928667,0
52.37,2.0,1.9470405396940744,1,1.8956003809792463,99.0,4.865,241.1268253326274,0
52.37489,2.0,0.1847578358707701,1,0.420524421186402,94.0,4.892919999999999,594.862368353105,0
52.3734,4.0,2.37860246416926,1,1.5257127747434576,93.0,4.858169999999999,188.4023207797564,1
52.34993,2.0,4.084006228701259,1,0.8594670615547043,100.0,4.846769999999999,130.92152341933533,0
52.3791,2.0,0.7263702059219925,1,0.7930230502351593,100.0,4.88842,396.76106040489015,1
52.41659,4.0,4.827759585020316,1,2.969877703834849,95.0,4.8960300000000005,81.71264829493039,0
52.36549,4.0,0.955192831876313,1,0.5876071825479904,95.0,4.88704,472.3592335341319,1
52.36505,2.0,1.016519295733865,1,0.5660492016832768,100.0,4.88646,474.6774119088993,1
52.36944,2.0,2.998842507686355,1,1.026560937421673,100.0,4.8495,158.28068675395198,0
52.37191,4.0,1.1337573993837788,1,0.5986550611358364,100.0,4.90961,339.4006858727521,1
52.342490000000005,3.0,3.732498865988086,3,0.4651874350138927,94.0,4.91504,135.00360869886626,1
52.37324,2.0,1.3557902069923584,1,1.3546769443106406,100.0,4.87319,317.1574198300383,0
52.39066,4.0,1.9425336211431696,2,1.4927500311169253,95.0,4.8913400000000005,183.7908206461474,1
52.37765,2.0,6.705039562493822,1,2.808977587960279,98.0,4.7948900000000005,66.89553591603567,0
52.35098,4.0,4.152665401766405,2,0.6569883924606378,91.0,4.84415,126.82108671734846,1
52.34438,2.0,3.753116771036313,2,0.7795881449410605,98.0,4.86455,155.78340694744043,1
52.38362,4.0,4.755320247436294,2,0.981847879121448,93.0,4.82535,92.07273058415431,1
52.37733,2.0,0.4804104126544418,1,0.3369868588035588,91.0,4.89533,467.4569136803589,0
52.35346,3.0,2.283412617816736,1,0.6649530822965309,100.0,4.90209,249.1449485871488,1
52.36035,2.0,4.892633334993277,1,0.7334617909631045,97.0,4.824409999999999,97.94519981371448,0
52.38036,2.0,0.922344123377798,0,0.9675297502007664,99.0,4.88618,351.461932019384,0
52.35306,4.0,3.694524878999427,2,1.4575222725558423,97.0,4.93619,123.2262914107528,1
52.3727,2.0,2.221383073882809,1,1.7018189504673853,97.0,4.86049,202.7086948830748,0
52.35007,2.0,2.577067709714697,1,0.4411565599497009,98.0,4.89347,250.0737279604469,0
52.37717,4.0,1.2727769466762298,2,1.3529367815798892,95.0,4.87555,324.8730451102143,1
52.387,2.0,2.0905516880789765,1,0.4263702451457302,93.0,4.914,179.42353593770395,0
52.38776,4.0,1.7688966597852032,2,1.5851594458807003,65.0,4.8825400000000005,202.00179724522263,1
52.36902,2.0,3.809662558015444,1,0.4176824191237845,47.0,4.83758,122.9404351503296,1
52.3962,2.0,3.0240480789132493,1,0.7980918561129171,93.0,4.91686,125.84219407176124,0
52.395,3.0,7.154973232517014,1,4.13522109398571,92.0,4.992,58.26942835575987,0
52.37337,4.0,0.9084055459944198,1,0.4025563099128329,85.0,4.90644,377.5868037015297,1
52.36086,4.0,1.6040226674417173,2,0.6880204806236558,100.0,4.88101,661.6275042191997,1
52.355990000000006,2.0,7.548067600582284,1,3.271039670015855,85.0,4.785909999999999,61.38804804485775,0
52.37209,2.0,1.3061860455675305,1,1.282632505080677,95.0,4.87401,331.6214335529924,1
52.36525,2.0,1.0564431368612504,1,0.6573411039299696,100.0,4.8847,465.34577879324416,1
52.37578,2.0,0.3396755797229193,1,0.5450973953995212,100.0,4.89035,525.9203773408432,1
52.37507,2.0,3.624836691859599,1,0.4277375497392222,100.0,4.83995,124.18264253397946,0
52.36386,2.0,1.5525786171941904,1,1.0693014214448182,97.0,4.87621,406.3740966957024,1
52.35023,3.0,4.075584157136301,3,0.834389328062028,100.0,4.84653,130.99264603257504,1
52.36294,4.0,2.954354853364539,2,1.45554012551093,98.0,4.85311,175.41044704862776,1
52.36523,2.0,3.536508811837636,1,2.442971243797081,93.0,4.94336,121.4517270263982,0
52.38325,2.0,1.701844248467862,0,1.839048672032788,97.0,4.87421,222.7118377418028,1
52.38356,4.0,1.2050898381220732,1,1.016140984435565,88.0,4.88776,272.31245219174144,0
52.352,4.0,2.3719504943430523,2,0.4273375576172765,96.0,4.89625,269.7026797820866,1
52.35504,2.0,2.282736413272373,1,0.191840947767119,98.0,4.9086,223.43253545232648,0
52.34778,3.0,3.0789846654690423,3,0.4967233289140303,100.0,4.91085,167.90152364434758,1
52.34271,2.0,7.721628335347926,1,2.968694453357813,100.0,4.79129,61.09945941729946,0
52.37412,2.0,2.7466051945301637,1,1.165052643324776,96.0,4.85279,163.65364642385993,0
52.3475,2.0,3.610179407822753,1,1.0065615085511248,99.0,4.86081,162.35271666421045,0
52.37952,3.0,5.179175368871698,1,3.4868732978723225,85.0,4.96847,80.42917620429014,0
52.37103,4.0,0.5628455510908131,2,0.4847709182039126,92.0,4.88566,528.1689964050919,1
52.36401,2.0,2.4568833811097384,1,1.949458130908684,94.0,4.86032,218.2865077044358,0
52.35836,2.0,6.960874174837313,0,3.754778372584131,90.0,4.992380000000001,62.48877665203912,0
52.38361,2.0,1.7630432551974866,1,1.895295384706367,80.0,4.873530000000001,215.6147251568868,0
52.36765,2.0,0.8551208090245814,0,0.6843486326539608,78.0,4.884469999999999,467.3738735793056,0
52.35926,6.0,7.150916887381289,3,3.9465216576496993,96.0,4.99559,60.76546529633156,1
52.34605,2.0,5.731539817453588,1,0.8745813935146027,94.0,4.821619999999999,85.74271937299808,0
52.37191,2.0,1.9754972005465623,1,1.9500668835548889,96.0,4.86417,228.83304281054544,0
52.36318,2.0,2.4209685722717382,1,1.1649702723162814,95.0,4.9246300000000005,188.2586016214186,0
52.36034,4.0,2.298423367351816,1,1.6615441727335758,86.0,4.86673,289.19717921217506,1
52.35705,4.0,2.5290259737197656,2,0.5661673341778818,100.0,4.91918,185.45690536697248,1
52.376000000000005,2.0,3.615052541237581,1,2.341554351573382,100.0,4.946000000000001,113.94502484966976,0
52.38523,5.0,1.349250904525461,2,1.0167938742260976,93.0,4.8902,247.829748107066,1
52.4003,2.0,3.510244485600586,0,0.8723002292631058,96.0,4.9196,109.70608699268392,0
52.36944,2.0,2.643254433919689,1,1.842504033528384,93.0,4.93142,159.55700076540805,0
52.35464,4.0,7.611343402946717,1,3.3052621509021933,80.0,4.78555,60.96416767718687,0
52.37335,4.0,0.0150587980705548,2,0.2495009067725535,84.0,4.89299,1003.3081157930492,1
52.3648,4.0,1.0887276389173115,2,0.6070844062971986,100.0,4.88499,475.4640675291289,1
52.36708,2.0,0.708642130731959,0,0.4765767595082926,95.0,4.89041,517.714666282953,0
52.2911,4.0,10.488524566478,1,0.6340117746622399,94.0,4.96865,44.29696585107931,0
52.35265,4.0,2.308738725001808,2,0.4797052624623678,96.0,4.897419999999999,272.79563468243333,1
52.35277,2.0,3.798167233928072,1,1.5341407839109014,100.0,4.93774,119.61726614559572,0
52.352140000000006,2.0,3.754954598705956,1,1.4051444024403958,99.0,4.93614,121.72964253025924,0
52.3801,2.0,1.7241527707153907,0,1.8225507862225732,100.0,4.8704,230.84645095872088,1
52.38179,4.0,2.9836134095253497,2,0.9563636940943456,93.0,4.85157,141.84285106644862,1
52.2972,2.0,10.189222107640562,1,0.2284478777953594,92.0,4.97645,45.3688668005636,0
52.34155,2.0,3.5965174382006118,1,0.7558042881501363,95.0,4.90359,148.91134440918043,0
52.35455,2.0,2.306239824770925,1,0.8325878677440899,99.0,4.878430000000001,406.4194889875649,0
52.40142,4.0,3.1846930797052444,1,1.828561202167294,96.0,4.90126,119.32955444775033,1
52.35653,2.0,3.408245956606983,1,1.178278980032633,98.0,4.85115,159.00969995241442,0
52.35268,2.0,2.6203215252010894,1,0.2910164200812303,97.0,4.9118900000000005,192.0452225308648,1
52.35359,2.0,2.190114389681436,1,0.3177565275300609,80.0,4.89522,315.8234079996523,0
52.36032,3.0,2.019398393127015,1,0.436246625758571,90.0,4.91394,230.6470045344922,0
52.371,4.0,1.3106855550260252,1,0.7724693127181727,95.0,4.912,319.43689408014177,1
52.37249,2.0,0.2963133809226728,1,0.2437990579891105,92.0,4.89728,737.8082917583985,0
52.371970000000005,2.0,0.3345436175529303,1,0.2246711749811112,95.0,4.89756,680.1030796850894,0
52.38076,3.0,0.8396060970704041,1,0.5951081748965891,93.0,4.89221,345.33621442161586,1
52.371,2.0,1.310661309014378,1,0.7724453710697705,95.0,4.912,319.43911375511226,0
52.37075,2.0,0.4263213837671397,1,0.2599003116014973,93.0,4.897869999999999,551.1596409781298,0
52.311440000000005,4.0,8.164277879741483,3,0.6759159579099971,83.0,4.957730000000001,57.746987521128354,1
52.37651,2.0,2.520681130531077,1,1.2955615326886665,100.0,4.85647,172.33830697867774,0
52.37573,4.0,0.2802081671693026,1,0.5140565509908231,85.0,4.89256,531.9337484206044,1
52.349,2.0,2.8619528925509754,1,0.9396279868304532,99.0,4.879,241.77850065135348,0
52.37143,3.0,2.6381580666895825,1,1.3122833911328724,83.0,4.85447,175.1865716079688,0
52.3735,2.0,0.7155139728947645,1,0.236006193982118,87.0,4.9036,442.8981378090417,0
52.37518,2.0,3.300063097685757,0,0.6574074643104452,100.0,4.84474,135.9385526431782,0
52.38448,4.0,1.9486428405643696,1,1.8466109336425631,98.0,4.87116,197.36779417045412,1
52.35505,2.0,2.0851041960765224,0,0.3686876001937587,90.0,4.885680000000001,450.6380114447906,0
52.35409,4.0,2.7902619365546077,2,0.572751297214144,97.0,4.919569999999999,170.5997971333676,1
52.37506,4.0,3.2944534593264945,0,0.6703715326917843,100.0,4.84481,136.2854661909089,1
52.37358,2.0,1.303236431442467,1,1.3098106597142083,98.0,4.87397,329.46508385114004,0
52.36593,2.0,0.8636234431312255,1,0.324197213036905,95.0,4.8974,498.0561007928734,1
52.37685,4.0,0.9685772581216197,2,0.4431243916953349,97.0,4.90604,365.6274214681438,1
52.35029,2.0,3.797424701141159,1,1.1844635087944526,95.0,4.85182,145.45383412046434,0
52.35429,2.0,2.1638971039270123,1,0.668772405016601,100.0,4.90031,273.54646354912546,0
52.3619,2.0,3.325717488510892,1,1.9749429180473963,88.0,4.93829,131.35881886582126,0
52.410790000000006,2.0,6.612570183365392,1,2.6626697638970924,90.0,4.9684,61.774074507076286,0
52.36765,6.0,1.1705919401848928,2,1.043848551312259,98.0,4.8785300000000005,388.9185945244051,1
52.34939,4.0,4.081379983376794,2,0.9296212452431596,100.0,4.84756,131.61642248381395,1
52.38939,4.0,2.032401443779516,1,1.8772275779288508,92.0,4.879169999999999,180.8614751413104,1
52.38097,2.0,2.97209949545444,1,0.9188638529635088,94.0,4.851319999999999,143.1795785943919,0
52.37965,2.0,0.7215790783001563,1,0.59299996188348,90.0,4.89156,376.4953866984168,0
52.362,2.0,2.7578981263551,1,1.6614883604947426,100.0,4.857,196.08243137163808,0
52.38015,2.0,0.7815138353314021,1,0.6387634869497506,87.0,4.8911,360.519702612773,0
52.39135,2.0,2.321880513394118,1,1.7972710672871133,95.0,4.87617,161.95659438965586,0
52.37029,2.0,2.2513736484668017,1,1.727598528678731,80.0,4.86039,208.2270514532774,0
52.36176,2.0,1.276425068282495,1,0.176270148154478,100.0,4.89321,466.5852263367706,0
52.35219,2.0,2.3413656454251286,1,0.209794903334326,93.0,4.892580000000001,296.9793391903124,0
52.35056,2.0,2.527532146743827,1,0.3397168029391513,85.0,4.89075,268.84821610619224,0
52.34495,3.0,3.2084808030963328,1,0.7617392260758445,97.0,4.90231,171.19961326323747,0
52.33792,2.0,3.959015728674424,0,0.6744089115581037,99.0,4.90028,135.17162600034428,0
52.35124,4.0,2.6615762466665123,2,0.4909838779621794,96.0,4.90848,196.43410692719124,0
52.35011,2.0,2.5759182091602297,1,0.3915894338222112,88.0,4.89115,258.9060803796093,0
52.35208,2.0,3.316962306152065,1,1.4992598769919716,88.0,4.85878,177.7057901695348,0
52.37542,2.0,0.2872028149662998,1,0.4968487463234998,100.0,4.89086,541.877158163713,1
52.37527,4.0,0.6221387007869636,4,0.343192151018405,100.0,4.90161,486.25580748439546,1
52.3464,2.0,3.400626192191605,2,0.8761523906986786,100.0,4.869190000000001,181.3039969521228,1
52.38338,4.0,1.1606518056003796,2,0.9283791093081158,100.0,4.88914,279.1167462881845,1
52.36255,4.0,1.7908514511636509,2,1.2193062162305894,91.0,4.87343,398.5490725397333,1
52.34092,3.0,6.3262199211622985,1,1.3547288689925836,100.0,4.81668,77.27088405313008,0
52.35943,2.0,1.559842106579769,0,0.4380549746259914,94.0,4.89712,393.0355045311458,1
52.35272,2.0,4.245379779425726,1,0.4001626130870601,94.0,4.84054,121.54772499767856,0
52.369,2.0,1.3195079799209568,0,1.2331947235647396,94.0,4.875,344.1277961201216,0
52.35655,2.0,1.9085670632872,1,0.6992974213303557,96.0,4.89963,312.7830515996174,1
52.34793,4.0,6.84285186563212,2,2.249047727402284,85.0,4.8015300000000005,69.38420307283214,1
52.37023,4.0,0.4099399980979752,1,0.2774761464991365,90.0,4.89659,532.1488234915017,1
52.36167,4.0,2.091818701865924,1,1.517031911552743,85.0,4.86888,322.39162134546933,1
52.35783,2.0,1.729196947067122,1,0.4963551695234535,95.0,4.8965,389.7122246891637,1
52.34942,3.0,8.436536017078248,2,4.03001394249167,96.0,4.7755,54.92704857123211,0
52.36294,4.0,4.486620645389316,2,0.7057572605145639,98.0,4.8294,106.6760639079397,1
52.373540000000006,4.0,5.189394693054406,1,3.830982737326633,97.0,4.96931,81.18600348409703,0
52.37916,2.0,1.3678260629626928,1,1.478442335911112,91.0,4.8755,288.92472839221017,0
52.33952,4.0,4.166279688010482,2,0.1129651468266271,98.0,4.91973,118.6146676456099,1
52.3562,2.0,1.908979697867656,1,0.2937352784899475,80.0,4.88971,495.38630523111146,1
52.35535,4.0,2.1951353114167254,3,0.3181482617725802,100.0,4.90672,236.89791527192023,1
52.36,2.0,2.8074567437426787,1,1.6711178545700378,98.0,4.8580000000000005,200.48741030643808,1
52.38691,2.0,1.9923415469244536,1,1.859794731174229,96.0,4.87421,189.06780260865688,0
52.37961,2.0,0.7118574718225213,0,0.5470815390542403,98.0,4.89224,380.1156643596732,0
52.36442,2.0,3.2999354886014425,1,2.160315860926638,100.0,4.939369999999999,130.70922301305657,0
52.37265,2.0,0.8108103657106573,1,0.2856926425096831,92.0,4.90497,407.1462638188648,1
52.33652,2.0,4.320341844989007,1,0.2669770556224733,99.0,4.8724300000000005,128.66293251896644,0
52.37313,2.0,0.3720313749795971,1,0.4157414723468542,84.0,4.88764,597.6767568404609,0
52.36466,2.0,1.379197102395432,2,0.3639411372810649,100.0,4.90773,325.4209715654169,1
52.36967,2.0,0.8997135965288077,1,0.8018884224404086,90.0,4.88124,440.9191123332112,1
52.36957,2.0,0.9198881611320572,1,0.8208105017213989,100.0,4.88099,434.70261370388494,1
52.37517,4.0,0.7761684604222954,2,0.8529929215204265,100.0,4.88215,843.9920246539791,1
52.34188,2.0,6.34895423462532,1,1.4026486427602332,92.0,4.81522,76.73070867863822,0
52.38275,2.0,1.4453770360446498,1,1.53434624900011,100.0,4.87865,253.23097372606887,1
52.3784,3.0,2.325287055624981,2,1.4992338176800355,100.0,4.86001,181.51687617462844,1
52.3619,6.0,1.6098833605867957,2,0.0568915518360108,97.0,4.9078,289.1325118451367,1
52.3747,4.0,0.8079505112776075,0,0.8667433551734591,93.0,4.881480000000001,752.2996742395432,1
52.38184,2.0,0.9987824020226668,1,0.8486543150264099,100.0,4.88893,311.4860169420492,0
52.37221,2.0,1.0332069363851546,1,1.0123424390666131,99.0,4.878019999999999,418.03153464947695,0
52.37199,2.0,1.028764213769963,1,1.002226334961589,97.0,4.8781300000000005,416.7629420408356,0
52.34967,2.0,3.018859481136626,1,1.2066437267905972,97.0,4.87112,220.5526047222172,0
52.36076,2.0,3.592605345199492,1,2.1568044843643843,90.0,4.94176,121.8421345038118,1
52.36161,6.0,1.8745762721732204,2,0.3585655010018879,98.0,4.91303,246.8279020185144,1
52.35798,2.0,3.34692548642227,1,1.6670195059666508,94.0,4.93546,133.39294445354312,0
52.39624,4.0,3.330384570950704,0,0.8049068471205659,100.0,4.9244,115.7507086035884,1
52.36612,2.0,1.875584962520056,1,1.672048221471111,97.0,4.868130000000001,288.6106114282944,0
52.37256,3.0,1.096748152612239,1,0.5689210236971738,100.0,4.90917,343.36010741745605,1
52.39,2.0,2.5205570998744684,1,0.1220813873662373,88.0,4.918,150.09528518202245,0
52.36104,4.0,7.072238378231082,2,2.9398697830337768,93.0,4.791180000000001,65.27982104135118,1
52.38458,4.0,1.4447185744918678,1,0.7329278410387977,96.0,4.90342,287.4754745806049,1
52.384440000000005,2.0,1.428787220814082,1,0.7166359976927752,100.0,4.90335,296.2133063153622,0
52.35263,2.0,3.460300763781245,1,1.3848683663520591,92.0,4.85504,164.0056038621579,1
52.37087,2.0,3.2620446351619696,1,2.4870926069788584,99.0,4.94085,128.2289234377012,0
52.37545,4.0,1.1470018548364147,2,1.1995965097495065,95.0,4.87665,380.4719250728594,1
52.363,2.0,3.5838172734835507,1,2.3182719760724355,96.0,4.9430000000000005,120.97976583953675,0
52.3754,4.0,0.8031378819495307,2,0.8839577106481199,80.0,4.88185,758.8156535853269,1
52.37336,4.0,0.9159026964790178,3,0.4093475670674387,95.0,4.90655,375.82667088212185,1
52.36518,2.0,1.4206889151077826,1,1.0813674195585403,94.0,4.87691,390.6199109182866,0
52.37092,2.0,0.4997076915125893,2,0.4069236248754032,100.0,4.88681,533.3523629347094,1
52.37341,2.0,0.11480567677719,0,0.2714977931930777,96.0,4.89144,810.5004267066064,0
52.35513,2.0,2.3443840447556314,1,0.0484628244968149,100.0,4.91072,213.3362623121221,0
52.35521,2.0,2.3322338984509527,1,0.0549307888656383,90.0,4.91059,214.4116021589361,0
52.34187,6.0,3.628542356356035,3,0.8499333406372869,98.0,4.907719999999999,144.24494406364053,1
52.35653,2.0,1.859068431968525,0,0.3966733830715146,92.0,4.8939,452.6734280389976,0
52.34156,2.0,4.781588996277906,1,0.9067654661138872,99.0,4.84565,110.2202056216619,0
52.31778,6.0,7.536428063847354,3,0.8891807824210028,94.0,4.9566300000000005,62.45570033416466,1
52.38646,2.0,4.298415048053856,1,0.418791486095052,100.0,4.83378,99.98184558056576,0
52.35437,4.0,2.206552019339292,1,0.5155278023657777,84.0,4.88309,426.0276049308679,1
52.374590000000005,4.0,4.0944518730887545,2,0.2791166329324314,93.0,4.83301,110.478414661065,1
52.35294,4.0,7.759528868844793,3,3.625385959526186,100.0,5.0021,57.56384100577621,1
52.34417,2.0,3.9570815553468113,1,0.6274444075007614,99.0,4.85961,143.66211490289788,0
52.37631,4.0,7.725574011356432,2,3.8045385515697663,100.0,4.77975,58.12051596421331,0
52.38038,4.0,5.428554753160273,2,3.5955950031421526,92.0,4.97197,76.83173413412993,1
52.38513,2.0,1.8351420874060127,1,1.8979163470830995,91.0,4.87443,204.9845239334869,0
52.36453,4.0,1.4124607027728648,3,0.9831304711412682,96.0,4.878,415.1529241145441,1
52.3544,4.0,2.0998153753361,2,0.3243962311995282,97.0,4.8951400000000005,337.90175237783995,1
52.36673,2.0,2.3834566944260533,1,1.4036925498303976,98.0,4.92645,195.4689889604069,1
52.35099,2.0,6.926201296462398,1,2.4972836069250057,97.0,4.79812,68.03928081859863,0
52.38693,4.0,4.220556208072695,2,0.3120222481832971,100.0,4.8352900000000005,101.4551540045533,1
52.38652,2.0,4.298145493967283,1,0.4121115057900435,100.0,4.833819999999999,99.96386889481046,0
52.40328,4.0,3.345235816001414,2,2.275849329447833,100.0,4.89496,114.88631093867464,0
52.41182,2.0,4.3026758706919725,0,2.6279050708786102,97.0,4.89735,90.77227696395936,0
52.39158,2.0,4.747394405324037,1,1.972626624026964,90.0,4.95606,85.31579159849342,0
52.36918,2.0,1.5378472279768334,1,1.464131062945396,100.0,4.87151,303.71585084357366,0
52.39121,2.0,4.605597187771903,1,1.8863276005516103,90.0,4.95404,87.74321098990832,0
52.37133,2.0,4.932550680236493,1,0.9991410191015112,85.0,4.82073,92.95858407126194,0
52.3616,4.0,1.3089707963485309,2,0.3424234828581192,100.0,4.895980000000001,481.9600314129281,1
52.39604,4.0,4.732919905394052,2,1.4714543072546298,87.0,4.95179,84.92691911190076,1
52.37095,2.0,1.3386022599898058,1,1.2924278905028768,80.0,4.8738,328.1728967564059,0
52.36959,2.0,1.3279567029507786,1,1.254088875752925,97.0,4.87453,337.86367380431926,0
52.37406,3.0,1.0505505188320818,1,0.5587609221333576,95.0,4.90847,352.6296525763282,1
52.37064,2.0,2.4283706566329344,1,1.7472691351888177,100.0,4.92851,172.7486812946061,0
52.36062,4.0,1.423924114224392,1,0.1089403915386729,91.0,4.88955,582.5214452920845,1
52.37321,2.0,0.8946649699607463,1,0.3842044610919012,100.0,4.90624,381.105121784445,1
52.3498,2.0,7.540330083571495,1,3.1044409032630145,84.0,4.789219999999999,62.0567040403279,0
52.35251,2.0,2.612766984893799,1,0.3083530165701231,89.0,4.91115,193.9932755619495,0
52.367,4.0,0.7053916540638546,1,0.4546837615319491,97.0,4.895,496.1918234821749,1
52.36385,4.0,2.863134207896436,1,1.6891278601063946,94.0,4.93225,152.45182549965102,0
52.35291,4.0,2.2926956908797664,1,0.5589340690081357,96.0,4.898680000000001,267.1421363427884,1
52.35426,2.0,2.1238922663418918,1,0.4153789595656777,80.0,4.89656,313.75688525681085,0
52.36545,2.0,0.8808097653306928,1,0.514271156345706,100.0,4.8907300000000005,486.6726560934173,0
52.34251,2.0,3.6601617142836327,1,0.5696716652337547,95.0,4.912319999999999,139.57697375116703,0
52.37429,2.0,1.0004624406530764,1,1.0339078176519003,99.0,4.87851,478.12532563683175,0
52.36489,2.0,1.0469273515964408,1,0.570379005510663,100.0,4.8859900000000005,476.4643391003954,0
52.32435,2.0,5.529602244701479,1,0.6503678718571682,95.0,4.878419999999999,93.6196336231212,0
52.32527,2.0,6.4813496620849405,1,0.1581548155442651,86.0,4.9471,72.8579578508958,0
52.37561,2.0,0.2746367615057592,1,0.498288382581228,100.0,4.89419,561.9977104715899,1
52.37274,2.0,0.9624136232772268,1,0.95619103764933,99.0,4.87899,465.91049705527774,0
52.34259,2.0,4.199872161019502,1,0.4475125907652678,100.0,4.85709,132.71873965323036,0
52.375,2.0,0.2224653424234426,1,0.4506704439473459,94.0,4.89463,692.7710335705149,1
52.365,4.0,1.0622277144004433,2,0.2513610264574114,100.0,4.901,413.6101703590296,1
52.35176,2.0,7.145768567891592,1,2.759655850135027,84.0,4.79422,65.63025786323321,0
52.37406,2.0,0.5699956913338966,1,0.6323017441042645,98.0,4.8848400000000005,813.3287566332978,1
52.36744,2.0,1.838241415169322,1,1.7479738637088578,100.0,4.86782,283.8683425581664,1
52.35085,4.0,3.879703742801448,2,1.0128586947340377,100.0,4.849419999999999,140.01468191285903,1
52.34199,2.0,3.673035031025522,1,0.6952591367294633,80.0,4.9105300000000005,140.32926446420052,1
52.29838,2.0,9.824615769196049,1,0.4564919556120138,94.0,4.96959,47.31284445405976,0
52.346990000000005,2.0,3.5574247477897893,1,0.997353296404995,89.0,4.86326,167.16971530915384,0
52.34754,2.0,2.865101053492943,1,0.6948838331281413,80.0,4.895969999999999,208.3401006822658,0
52.37338,4.0,0.9145628895743289,2,0.4087410334791735,80.0,4.90653,376.1303056664472,1
52.34942,4.0,4.093198122590339,2,0.9111774049361224,100.0,4.84729,131.03256790848906,0
52.40946,4.0,4.031395274924495,3,2.7137451204298437,100.0,4.894430000000001,96.41451339685918,1
52.36399,4.0,1.2559576256254443,1,0.3850952787449667,88.0,4.90369,366.1167750889963,1
52.32693,2.0,6.273254202471254,1,0.0752365553720472,89.0,4.94565,75.23836758514437,0
52.39148,2.0,4.687321606984654,1,1.9290886208574347,100.0,4.95516,86.3188539806,0
52.37687,4.0,0.406359167097411,2,0.4619657127380694,87.0,4.89365,478.5142783388474,0
52.37539,2.0,0.2613177343616277,1,0.4913206361539431,93.0,4.89462,597.5332954642588,1
52.361,6.0,1.8202441536342264,2,0.2136804447445945,100.0,4.91085,256.3381187748991,1
52.37605,4.0,0.4353879812681013,2,0.304291556712768,90.0,4.89754,574.8003062266876,1
52.38314,4.0,1.871275968182017,2,1.9337091159122537,60.0,4.87089,207.0726387057421,1
52.35666,2.0,3.321128370046364,1,1.524860774848693,92.0,4.93366,135.67595194006284,0
52.31006,2.0,8.247649252547468,1,0.4995292640250389,80.0,4.95644,57.275249195903015,0
52.34938,2.0,5.915422628026759,1,1.3342193779915297,97.0,4.81548,81.7586505742781,0
52.37823,2.0,0.5566559866387716,1,0.4978480505320696,60.0,4.89269,439.99521758208016,0
52.41094,2.0,4.199349945477342,1,3.033295572439463,80.0,4.8903,92.99055004988293,0
52.35,2.0,3.9144099712192673,1,1.0657923950511647,100.0,4.84994,139.2669671446987,0
52.35152,2.0,2.4168379908071165,1,0.252064711542811,100.0,4.89198,284.3096713255573,0
52.35491,2.0,2.067764764686258,1,0.2257270156158943,90.0,4.88801,423.7716522887964,1
52.36775,2.0,0.8367433734974645,0,0.6656984200468112,88.0,4.88469,475.9325038221541,0
52.35986,4.0,2.280619541254618,1,1.5968811141799186,80.0,4.867719999999999,306.91883973584805,1
52.38501,2.0,3.910020733743565,0,1.96417866034997,100.0,4.94721,103.08809597891911,0
52.37357,4.0,1.0002345144085256,1,0.49622052078854,100.0,4.907780000000001,358.9166352430404,1
52.371590000000005,2.0,0.5067521079354927,1,0.4537743064745519,100.0,4.88616,551.1860467168354,0
52.36693,4.0,1.0256276331462362,2,0.8626311279689606,93.0,4.88211,430.9659433231089,1
52.35582,4.0,2.020715217433039,2,0.6736168389407574,92.0,4.90154,281.64353964866024,1
52.36103,2.0,2.594726489754978,1,1.1587122498461673,100.0,4.92557,175.01751752045436,0
52.3608,2.0,1.8856959227564307,1,0.2896530778564967,98.0,4.911919999999999,247.2505725974696,0
52.36192,4.0,1.7493625479935593,3,1.086370828433474,99.0,4.87526,456.7284100471633,1
52.364,4.0,2.183217250836813,0,0.9715567380553226,80.0,4.92139,209.94441009247748,1
52.37452,4.0,1.3524775482707307,1,1.3761891365061378,100.0,4.87335,314.576105655537,1
52.36576,2.0,2.8480415194029267,1,1.426602931090758,100.0,4.8531,175.16439859319402,0
52.4,4.0,3.1135013298466814,2,1.4838249875839693,100.0,4.90645,121.72125711154612,1
52.42258,4.0,5.501040311938979,2,3.281450303876428,100.0,4.89821,72.44582418352385,0
52.35903,3.0,4.843614737555418,1,0.5820594454254387,100.0,4.82587,99.66122712771389,1
52.38563,4.0,2.980651115450149,2,1.1030307670570212,100.0,4.85429,138.25554610218995,1
52.348490000000005,2.0,6.760135846625136,1,2.192304227216291,97.0,4.80245,70.26699182414839,0
52.34715,2.0,6.802569194960171,1,2.1596975796391003,98.0,4.80277,69.95979486290766,0
52.34151,2.0,3.670801694178024,1,0.8635917565167472,80.0,4.90792,142.29247280426176,0
52.3548,2.0,2.077703390434089,1,0.2079603882524178,100.0,4.8882,417.0109965422768,1
52.33269,4.0,4.547374296331387,2,0.8719130307355043,95.0,4.90158,114.4104987222308,1
52.37256,4.0,1.5605057217916218,2,1.545169284178017,100.0,4.87021,280.0339581923057,1
52.39267,4.0,2.17628679091166,3,1.7478432092170455,100.0,4.8895,166.81533267470635,1
52.370740000000005,2.0,0.5932175621842551,0,0.5040828461367526,100.0,4.8854,518.6871688657279,0
52.35108,4.0,2.8349323218135347,1,0.4921804154168875,100.0,4.91367,176.65771454328444,1
52.36747,4.0,0.985424878379576,1,0.1673273754409381,93.0,4.90409,442.7083866243456,1
52.373000000000005,2.0,3.874504460159641,1,2.764327938573845,98.0,4.95,107.7693006153579,0
52.37297,2.0,2.11579009570519,1,1.5912666058298195,96.0,4.924169999999999,193.7169154164457,0
52.41746,4.0,4.943955854904402,1,3.4515249236469354,100.0,4.886019999999999,80.17108636740996,1
52.36707,4.0,2.2611117406120025,1,1.8825092497769225,97.0,4.86146,222.3265352749988,0
52.3571,4.0,1.9297542636856864,2,0.5587222831601781,96.0,4.90351,277.30683666134064,1
52.35,3.0,3.745608868675632,2,1.2895512595930496,90.0,4.8533,149.08316018901786,1
52.328990000000005,2.0,5.132776071796975,1,0.3274585099687409,100.0,4.87174,102.98285079959244,0
52.35151,2.0,7.213495209980224,1,2.822288918473796,100.0,4.79331,64.97892716422925,0
52.35115,2.0,2.8858260467747234,1,0.5319287229422929,100.0,4.91533,171.5415870554706,0
52.34953,2.0,4.029369643741768,1,0.9768285209647872,100.0,4.84837,133.95478100983095,0
52.3466,4.0,3.1535562293402064,2,0.6019040352325485,100.0,4.90895,166.05715736494358,1
52.36481,2.0,1.9041523335258497,0,1.5853024988361557,80.0,4.86876,296.8731658728943,0
52.31161,2.0,8.145036770815985,1,0.6884091181209882,20.0,4.9576400000000005,57.89316953795329,0
52.35733,4.0,1.8586013476855452,2,0.6237845548999664,100.0,4.90146,300.22897575603633,1
52.33854,3.0,4.303129454004102,1,0.1937963362257176,100.0,4.92103,114.35344845395522,1
52.3572,2.0,1.8518876618235631,1,0.684858652414175,100.0,4.90041,311.1182855764587,0
52.36495,2.0,3.620812513463714,1,2.500075677795874,100.0,4.94452,118.74792964587644,1
52.36142,2.0,1.620808584212588,1,0.0510521030736588,80.0,4.907030000000001,290.6481577165163,0
52.31028,2.0,8.0695081791365,1,0.4333650387135371,60.0,4.951919999999999,59.10443858964554,0
52.3614,4.0,2.1769794974218626,1,0.7344087542751933,100.0,4.91856,211.89502758855969,0
52.39094,4.0,2.2623924565330835,2,1.8476262036774247,98.0,4.87676,165.51379805510618,1
52.355,2.0,2.1895054583458893,1,0.669013716767363,93.0,4.881,470.8252232329149,0
52.34357,3.0,6.027607454192399,1,1.094775826973951,100.0,4.81905,81.28898126173877,0
52.36135,2.0,3.0837439315050776,1,1.6824395224440585,100.0,4.93401,142.9067282378774,0
52.34417,4.0,5.9689563746994985,2,1.0517066498339125,90.0,4.81944,82.10657357322866,0
52.3532,2.0,3.4616753363776662,1,1.3320262572790251,100.0,4.85421,162.60617859028656,0
52.37417,4.0,1.379446055148139,1,1.395652581543664,100.0,4.8729,309.1463769167731,1
52.34949,3.0,4.033325207943663,2,0.9769056281413296,100.0,4.84835,133.80674638089334,1
52.37375,4.0,0.4955941275992037,1,0.1733919684462981,90.0,4.90033,666.9244340289245,1
52.37819,2.0,3.678925134273031,1,0.178057071188013,96.0,4.83968,120.07592878783149,0
52.35525,2.0,3.3301962748360974,1,1.3913833749046491,100.0,4.93219,136.57891837040398,0
52.42348,3.0,5.59049207795143,1,3.557875229294197,100.0,4.89398,71.43236163319338,0
52.34498,2.0,3.909555630467083,1,0.7112808073094554,100.0,4.858969999999999,145.6573919866074,0
52.36842,2.0,4.2213741609279385,1,0.5180858655134936,100.0,4.83161,110.71340051445546,0
52.37294,6.0,0.1228203248413586,2,0.2472316636241306,100.0,4.89484,691.6669470916975,1
52.37102,4.0,2.5666673907412783,2,1.888951828778548,93.0,4.930619999999999,162.48125215773368,0
52.41645,2.0,4.830131394541534,1,2.747204463426202,96.0,4.8998800000000005,81.61918988574232,0
52.36959,2.0,1.3052844539313395,1,1.230478279830624,98.0,4.87488,342.35968199153206,1
52.36,2.0,2.468841974061337,0,1.8489324105176428,95.0,4.864,252.0531818204894,0
52.38897,4.0,1.9767603992787524,2,1.8235124571663843,92.0,4.87962,185.17679364405137,1
52.36294,2.0,3.063940577780516,1,1.3499227421669824,97.0,4.851369999999999,167.45202357974316,0
52.37921,4.0,1.3527171509818487,2,1.46568090120341,95.0,4.8758,291.5819375150683,1
52.34115,4.0,3.5722610459210875,2,0.1940536047496463,98.0,4.89522,157.298931509619,1
52.36335,3.0,1.2286417127567772,1,0.4988160279038703,92.0,4.88505,520.5577161836267,1
52.372,2.0,0.5684281277104399,1,0.5387855497847494,96.0,4.885,599.7100469079157,1
52.36565,4.0,2.403629097037157,3,1.8510833525786383,99.0,4.86005,214.72729332814563,1
52.36278,3.0,1.1650497790905727,1,0.2262038580473698,95.0,4.89207,475.97337047674,1
52.36252,2.0,1.4362811734094796,1,0.2346408021264288,96.0,4.90487,331.48625377371513,1
52.3542,2.0,3.6067223036084672,1,1.5137191979567906,97.0,4.935969999999999,125.67990918652087,0
52.37641,2.0,2.943119229963576,1,0.8924623427814534,95.0,4.85019,149.82777297827815,1
52.37226,2.0,0.7574287959421382,1,0.2231727170496931,97.0,4.90411,427.9688484479496,0
52.35855,4.0,2.5253835165661678,2,0.7718199873581287,93.0,4.92138,184.216969649371,1
52.41278,2.0,4.399832981973004,1,2.909751010360029,87.0,4.89351,89.01711058066586,0
52.36268,4.0,1.3307466253631677,1,0.3997935402179011,91.0,4.9023,358.8499464481588,1
52.35387,2.0,3.1304863803782967,1,1.7015002075939374,97.0,4.85975,191.22214741773817,0
52.377,3.0,1.1103474018487711,1,1.2007247087507342,95.0,4.878,383.8014674028409,0
52.36177,2.0,1.332304005753174,1,0.2708889023279694,96.0,4.88744,596.6867574891836,1
52.37083,3.0,0.8152831558920489,1,0.7488679155496919,93.0,4.8817900000000005,475.3941437284319,1
52.37714,4.0,0.4719180294726839,2,0.3152712772909713,94.0,4.8958,483.15815730999736,1
52.37102,4.0,3.241750792513354,2,2.477025247507142,94.0,4.94057,128.91826253360887,0
52.37639,2.0,3.761426082268695,1,0.3398083009094473,98.0,4.8381,118.82275102312754,0
52.35017,2.0,4.035971200023007,1,0.8907361492154611,96.0,4.84736,132.91812726447827,0
52.35017,2.0,3.928187717664193,1,1.0276557871319492,96.0,4.84943,138.31916236890478,1
52.35392,2.0,2.5868503858746905,1,1.267933991656668,99.0,4.87195,294.63178523717625,1
52.3647,4.0,1.5747937917863348,3,1.2008421789749295,97.0,4.87465,370.0217822270056,1
52.37387,2.0,0.4341683996804749,1,0.5092369592182883,94.0,4.88681,639.7093862880155,1
52.35499,2.0,2.968596307022605,1,0.9216298507974184,96.0,4.92491,156.46209493546135,0
52.36417,4.0,1.0566123013969375,2,0.4322277893940299,93.0,4.89774,430.36024174765663,1
52.39014,2.0,2.1702178060696675,1,1.9014311128209207,94.0,4.8772,171.70455339327464,0
52.35509,2.0,2.10656584266115,1,0.4599680994626323,95.0,4.88425,467.8381829823163,1
52.36299,2.0,3.3225399978389736,1,2.0628729771563603,98.0,4.93893,130.7415602075649,1
52.4062,4.0,3.794470811792838,2,1.763390617006357,93.0,4.90739,101.69769605206602,0
52.40657,4.0,3.848078438321596,1,1.7251660365569477,91.0,4.90817,100.40780570057824,1
52.37447,2.0,2.4946403060525264,2,1.3736009940992449,98.0,4.85652,177.94150578801853,0
52.36631,4.0,3.4696256124590152,1,2.4459776013619616,97.0,4.94278,123.20052848188642,0
52.35577,3.0,1.9724401037661043,1,0.2926964803873066,92.0,4.8881,470.8171823015492,1
52.3612,2.0,3.798577678548316,1,2.4020265043776847,93.0,4.9453,114.95750911848408,0
52.35877,4.0,1.615046033182837,2,0.3577751768820043,96.0,4.8951400000000005,440.5123224787733,1
52.36261,2.0,4.677773324642946,1,0.7765772205650255,92.0,4.82664,101.97271093376034,0
52.30116,3.0,9.738196176857322,1,0.62375492790135,94.0,4.97419,47.54895279345339,0
52.37702,4.0,2.332380072584113,2,1.478692879292418,97.0,4.85941,183.69488064457164,1
52.4,6.0,2.98073374541505,3,2.0391116128769253,100.0,4.895,127.31950578872888,1
52.35348,4.0,2.254469384327655,1,0.6769268165251032,91.0,4.9004900000000005,261.1185535459658,0
52.3551,2.0,2.526830096882939,0,1.3586437223661696,91.0,4.87076,303.72395493214395,0
52.35532,2.0,2.4826600390758253,1,0.2351301162907793,93.0,4.91484,194.8297716229793,1
52.35493,4.0,2.041088839062258,2,0.1504065294975317,86.0,4.89104,406.843333979478,1
52.30676,4.0,9.401664780620823,1,0.6406848178455218,84.0,4.97829,49.07298752535878,0
52.3586,2.0,2.2497184583987373,1,0.4806636557656047,83.0,4.9159,208.58981614938867,0
52.34751,2.0,3.0634913554155965,1,0.9969771641172994,95.0,4.87705,215.21143594452977,0
52.37827,2.0,0.6097202094674482,1,0.2295607310927169,97.0,4.89663,430.9776060650994,1
52.3756,2.0,0.290728499113068,1,0.4610551130503671,93.0,4.894909999999999,576.4186988812266,0
52.38694,2.0,1.6692295089155362,1,1.495275248092992,97.0,4.88313,212.053153035008,0
52.357690000000005,4.0,1.7333371289473145,1,0.3500259710777088,96.0,4.8913400000000005,1502.5536687792485,1
52.37233,2.0,1.9399110492001328,1,1.920138777407845,96.0,4.86465,230.97353673790823,0
52.3456,2.0,3.0912317368841578,1,0.5210072615726218,98.0,4.88835,200.06353698352044,0
52.32698,4.0,7.996882958161881,3,0.7716152348460149,96.0,4.98295,56.758910451125125,1
52.38609,2.0,2.138970371292116,2,0.3887324054771847,94.0,4.91646,176.2906753485021,0
52.36726,4.0,1.331917688314553,3,1.210672038695684,98.0,4.87615,362.3768483522264,1
52.38315,2.0,1.1714105314817096,0,1.0160620703614949,94.0,4.88732,279.33915593373973,0
52.36495,2.0,3.543162987193514,1,2.4277815443418658,96.0,4.94334,121.34518240112752,0
52.38967,4.0,2.105918906623288,1,1.953864784235962,93.0,4.877759999999999,176.11711733476542,1
52.37442,2.0,0.3537205344170818,1,0.3148687795884119,93.0,4.89792,692.1044893855568,1
52.36259,4.0,5.906416112124655,1,3.88222253655346,86.0,4.97807,73.0489198293417,0
52.343,2.0,3.657749524644078,1,0.4629715946887,99.0,4.872,162.6690482564824,0
52.343,2.0,3.65773207643044,1,0.4629939372415161,99.0,4.872,162.67020766643725,0
52.42006,2.0,5.211971040375422,1,3.236320321784766,98.0,4.89537,76.17521084845077,0
52.37458,2.0,0.4435518548789567,1,0.5525735316546727,95.0,4.88697,659.241523393884,0
52.36012,2.0,2.125057810233992,1,0.5636906907201135,95.0,4.91579,218.608852790146,1
52.3227,3.0,5.628886541528493,2,1.6184893548250954,99.0,4.8972,90.2870687784346,1
52.38165,2.0,0.982377859667654,0,0.8507927068273744,96.0,4.88874,315.88225720863943,0
52.373000000000005,2.0,0.416242311928918,1,0.4460427486561224,94.0,4.887,598.8965094074143,1
52.35835,3.0,2.7277437745679425,1,0.9837028381016688,94.0,4.924930000000001,167.91711768225076,0
52.37062,2.0,2.993232558094048,1,2.2304432504885887,89.0,4.93685,139.63652005214752,0
52.38143,3.0,2.745901146586424,1,1.1785697748490571,97.0,4.85506,152.9104910500699,1
52.35459,2.0,3.323573133269597,1,1.4042523228813486,100.0,4.85497,170.16804458483233,0
52.3719,2.0,0.5895222554649929,1,0.0567934111340297,93.0,4.90148,522.4858235006012,1
52.36851,2.0,2.5991483876993,1,1.4611043107989496,100.0,4.85572,185.4863010062938,0
52.35494,4.0,2.141165671733949,2,0.5815287315762019,96.0,4.90287,259.911058069354,1
52.37263,4.0,3.999605631618192,3,2.886141868728968,98.0,4.95183,104.5786627944308,1
52.4185,3.0,5.0679834254286735,1,2.8095185164946583,98.0,4.90144,78.08174285378335,0
52.412,2.0,5.618298713761942,1,1.4834041356826904,88.0,4.946000000000001,71.45149031359713,0
52.38202,2.0,1.8867031699499623,1,1.95471254360904,90.0,4.8694,208.579372677532,0
52.35411,2.0,2.157557644321105,1,0.1937857537458505,93.0,4.88783,387.36686707123454,1
52.36321,4.0,5.836761322262528,1,3.92939812408884,85.0,4.9772300000000005,73.82890553607378,0
52.37449,2.0,2.050311534111596,1,1.7894569755399825,95.0,4.86306,212.58792123582623,0
52.385,2.0,1.9944623193022368,1,1.8010989377075828,94.0,4.871,192.73190292709197,0
52.36887,2.0,0.5065771383010685,1,0.300080194268315,96.0,4.895230000000001,504.6178304865236,1
52.38942,2.0,1.8996452931758208,1,1.635648970982586,96.0,4.88422,188.6866737656676,1
52.346,2.0,3.036183141777524,1,0.5378669311065164,92.0,4.896,192.85778322237468,0
52.36786,2.0,1.062620817938711,1,0.929788716025646,93.0,4.8802,408.9118153831979,1
52.36538,2.0,2.2734285722718925,1,2.0021775063952765,90.0,4.86228,231.6524131961596,0
52.3695,2.0,0.4478046276137652,1,0.2608249170483889,96.0,4.89556,515.6599439125342,1
52.36172,2.0,6.645303507439035,1,2.538554702182055,87.0,4.79735,69.69068929196195,0
52.38285,2.0,3.2215505158787474,1,0.8038981232057987,100.0,4.84847,131.66029194136357,0
52.30598,2.0,10.967236270992178,1,1.8192398417419855,84.0,5.01077,41.27584675384424,0
52.36459,3.0,1.0891583554220026,2,0.5622186851477062,98.0,4.8855900000000005,483.6306138578213,1
52.365,3.0,2.183173789164365,0,1.9037805167517696,86.0,4.864,247.0689367500365,0
52.34995,2.0,2.924101844457317,1,0.5118896741202701,91.0,4.91302,173.08183074674312,1
52.35698,2.0,1.870843263846872,1,0.7145104242332554,97.0,4.90015,311.6696002195084,0
52.35492,2.0,2.0721371838982243,1,0.5703225104289903,97.0,4.89865,300.3081339088829,0
52.35158,2.0,2.4144613396038546,1,0.4050562243807235,100.0,4.895490000000001,266.7821210526536,1
52.35265,4.0,2.3025871301843264,2,0.1266261912071032,92.0,4.88956,325.42097901138646,1
52.3686,6.0,1.1175090955454527,2,1.008999987890187,94.0,4.87854,390.4248990232311,1
52.3558,2.0,7.385804977155294,1,3.696267241237386,94.0,4.99774,59.20603603758657,0
52.35246,2.0,3.0735680076030403,1,1.58239455985286,95.0,4.86335,203.79029139209464,1
52.37818,6.0,1.6780014096135505,3,1.7498843969741926,100.0,4.86982,242.8226369055688,1
52.371390000000005,3.0,2.256485798770533,1,1.694749966485974,97.0,4.8601,203.85976716421587,1
52.35473,4.0,3.5258935890872936,2,1.1480507847216093,88.0,4.85107,154.8301668253981,1
52.35873,2.0,3.050917389210352,1,1.453161313718368,96.0,4.85508,181.15888792103456,0
52.362,4.0,3.586307747826725,2,0.8560097912936638,100.0,4.84374,139.3776975718369,1
52.37933,2.0,1.7341784700593628,1,1.8203583899676208,96.0,4.86966,232.10105420446808,0
52.36503,2.0,2.818626042486488,1,1.518472413982306,90.0,4.853940000000001,179.44329984076285,1
52.34101,4.0,3.991285842209958,1,0.1572362826184581,95.0,4.91886,124.1707765499939,1
52.34833,2.0,4.8570133110489815,1,0.2160189120717458,89.0,4.83453,104.48427985079248,0
52.342690000000005,2.0,3.5133546872454646,1,0.8891445983036871,88.0,4.90621,150.6834158773232,0
52.37415,4.0,1.1410820729975846,2,1.1646812551054528,92.0,4.87641,385.1064933355037,1
52.34655,2.0,3.649659688855206,1,0.9218380213892816,94.0,4.86193,160.72877443685232,0
52.3474,2.0,3.1190021605045617,1,0.4825696920969623,83.0,4.91089,165.7259465885152,0
52.37785,3.0,0.9935731019696956,0,1.1173687710581215,93.0,4.88061,419.2793899258205,0
52.3466,2.0,3.7368974989424655,1,0.8955660841152472,94.0,4.85967,154.58377542997638,1
52.37066,4.0,0.3983966086305992,2,0.3032820638930517,94.0,4.89717,548.9261624835164,1
52.38662,4.0,1.7349614517837677,2,1.642635411658126,89.0,4.8800300000000005,208.5765194518046,1
52.36497,4.0,2.4400519322286325,3,1.8749895645814785,95.0,4.85991,214.48514020642932,1
52.372,2.0,3.5366764789398184,1,2.59632847475967,97.0,4.945,118.34167537403243,0
52.37481,2.0,0.1757999097494184,1,0.4116731467722886,97.0,4.89294,601.9392866572592,0
52.37186,2.0,0.8025806309574988,1,0.7704399381762843,96.0,4.881530000000001,501.4180885926352,1
52.38337,2.0,2.0044798607570056,1,0.6555276108889897,98.0,4.91744,188.69589246912585,0
52.36864,2.0,0.516734947889863,1,0.2921606963547296,100.0,4.89423,510.5866466226721,1
52.36583,2.0,0.8754657571444243,1,0.3256625813239212,99.0,4.89746,492.0952941272329,1
52.38521,2.0,1.7142671347811131,1,1.7268543647913286,99.0,4.87726,215.05079699018611,1
52.38009,4.0,2.5827827884957606,2,1.2822417029301671,89.0,4.85686,163.02401181856737,1
52.37451,4.0,3.3762037438952053,2,2.283153281646566,95.0,4.94264,122.24786682892724,1
52.34736,2.0,2.925821935647149,1,0.849131290941062,97.0,4.9008,193.1111492780399,1
52.36152,4.0,2.248713992970771,2,1.6991130120804383,100.0,4.8661900000000005,279.36104526040384,1
52.35656,4.0,3.306494132878313,2,1.2977620579311064,100.0,4.85291,166.33034829929267,1
52.331,2.0,5.272023718512713,1,0.7392889390913924,99.0,4.8580000000000005,99.65764078834287,0
52.35761,4.0,2.613537732746529,2,0.7526037522975895,96.0,4.92176,177.6596991108364,1
52.37857,2.0,2.4294707208934065,1,1.3142699981596224,98.0,4.9277,162.66289414708416,1
52.38661,3.0,1.510462088716654,1,1.173691263230791,87.0,4.88931,226.6091569779473,0
52.34795,2.0,3.576481587626991,1,1.0541425298455678,98.0,4.86067,164.2414984347363,1
52.3587,2.0,1.8902839454205285,1,0.2998306661490357,99.0,4.9074800000000005,260.205034943094,0
52.38391,2.0,3.200518257038894,1,0.9211744299232464,99.0,4.84945,131.53289860597977,0
52.37311,2.0,0.7211666116938649,1,0.2181636125312981,98.0,4.90369,441.2820381970565,0
52.36112,2.0,1.5686984270932698,1,0.6683316979232571,100.0,4.88131,642.4315783033421,1
52.37769,4.0,2.8494853358865715,1,0.9619052042025946,92.0,4.85189,152.59721388784476,0
52.37457,2.0,2.7841041473458423,1,1.9098143160053351,93.0,4.93393,146.54480628323896,0
52.38328,2.0,5.514965156632881,1,1.7068565505094948,90.0,4.81378,80.18452046792613,0
52.37228,2.0,0.691227347664673,1,0.6737264083182075,98.0,4.88307,556.4227025040836,1
52.37754,2.0,2.860040217861274,2,0.9521696502322442,90.0,4.8516900000000005,152.2853635041601,0
52.37756,2.0,2.824866520665748,1,0.9868863524116686,96.0,4.85222,153.9735454117824,0
52.34559,2.0,3.081525657102117,1,0.496089994258825,98.0,4.89596,189.21825998966744,0
52.34547,2.0,3.1413747618077665,0,0.745628382879752,96.0,4.90151,176.54878862513684,0
52.33072,2.0,4.915127035200974,1,0.3233080131697909,87.0,4.873469999999999,108.66756698233702,0
52.35626,4.0,2.0108412607207056,3,0.5650891278645118,96.0,4.90325,270.98719216476456,1
52.34853,2.0,2.9720557967717705,1,1.0978273773794718,98.0,4.87649,227.37476693598867,0
52.40509,4.0,3.6098603496833377,3,2.01325599851614,98.0,4.903169999999999,106.45274101414007,1
52.378,2.0,1.4678000731747471,1,1.5494809207222906,96.0,4.873,276.13444127550736,0
52.34528,2.0,3.839556258887888,1,0.7541537990183548,98.0,4.860040000000001,149.49006685784562,0
52.37203,6.0,0.4382814404938107,3,0.1112526778129059,96.0,4.89923,682.5356198084121,1
52.37713,4.0,0.8321024267105885,2,0.9602394436467304,92.0,4.88267,549.3870067267727,1
52.35521,4.0,2.0064926395041542,1,0.2033104234910704,93.0,4.892,418.3684931514219,1
52.361,4.0,3.038978139919832,1,1.6038187284675045,92.0,4.933,145.54893032161672,1
52.3964,2.0,4.867732453035817,1,1.57850546355438,87.0,4.95376,82.76859447709256,0
52.362,4.0,1.360556253930173,2,0.4666264782045682,98.0,4.901,360.3941795182786,1
52.3544,4.0,2.1359193328965183,2,0.2569652707413085,86.0,4.88701,405.4865528619543,1
52.34422,3.0,7.628766278417894,1,2.927772902832517,98.0,4.79162,61.79216883423274,0
52.35037,2.0,3.326725231508551,1,1.3305695559947743,83.0,4.861619999999999,181.29814840454392,0
52.34116,2.0,4.880430260803861,1,0.8843372439152997,86.0,4.84422,107.33473693296538,0
52.35718,4.0,2.169252732021212,1,0.212112618904854,95.0,4.91118,224.43355621456172,0
52.37677,2.0,2.37583262303917,1,1.4360537205353787,100.0,4.85869,181.19835516460225,1
52.3491,2.0,4.719735856219555,1,0.3222634709737823,90.0,4.83611,108.02488011198652,0
52.37798,2.0,0.5983545011776952,1,0.7519929810578154,92.0,4.88897,440.47651522583726,0
52.35794,4.0,1.9430198987229763,5,0.388532101474649,84.0,4.90688,257.94810506558764,1
52.37575,2.0,0.2802043670336476,1,0.5162171303782599,90.0,4.89295,533.962652799512,0
